Title,Component,Price
"StarTech.com ICUSBAUDIOB USB Interface Black Audio Adapter",Unknown,£26.39 –
"AMD Ryzen 7 9850X3D - Ryzen 7 9000 Series 8-Core 5.6GHz - Socket AM5 120W - AMD Radeon Graphics Desktop Processor - 100-100001973WOF",CPU,£467.99 –
"AMD Ryzen 7 9800X3D - Ryzen 7 9000 Series Zen 5 8-Core 5.2 GHz - Socket AM5 120W - AMD Radeon Graphics Desktop Processor - 100-100001084WOF",CPU,£442.79 –
"ASUS ROG Crosshair X870E Glacial AM5 AMD X870E Extended ATX Motherboard",Motherboard,£1,129.19 –
"AMD Ryzen 5 9600X - Ryzen 5 9000 Series Granite Ridge (Zen 5) 6-Core 3.9 GHz - Socket AM5 65W - Radeon Graphics Processor - 100-100001405WOF",CPU,£193.19 –
"GIGABYTE B550M GAMING X WIFI6 AM4 AMD B550 Micro ATX Motherboard",Motherboard,£101.99 –
"AMD Ryzen 7 7800X3D - Ryzen 7 7000 Series Zen 4 8-Core 4.2 GHz - Socket AM5 120W - AMD Radeon Graphics Desktop Processor - 100-100000910WOF",CPU,£383.99 –
"AMD Ryzen 5 5500 - Ryzen 5 5000 Series Cezanne (Zen 3) 6-Core 3.6 GHz Socket AM4 65W No Integrated Graphics Desktop CPU Processor - 100-100000457BOX",CPU,£86.39 –
"ASRock Challenger Radeon RX 9070 XT 16GB GDDR6 PCI Express 5.0 x16 Graphics Card RX9070XT CL 16G",GPU,£701.99 –
"MSI PRO PRO B550M-VC WIFI AM4 AMD B550 MATX AMD Motherboard",Motherboard,£97.19 –
"AMD Ryzen 7 5800XT - Ryzen 7 5000 Series Vermeer (Zen 3) 8-Core 3.8 GHz Socket AM4 105W None Integrated Graphics Desktop CPU Processor - 100-100001582BOX",CPU,£202.79 –
"SAPPHIRE PULSE Radeon RX 9070 XT 16GB GDDR6 PCI Express 5.0 x16 ATX Graphics Card 11348-03-20G",GPU,£737.99 –
"Team Group 16GB (2 x 8GB) 288-Pin PC RAM DDR5 6000 (PC5 48000) Memory Model FF4D516G6000HC38ADC01",RAM,£241.19 –
"ASRock B60 Intel Arc Pro B60 B60 CT 24G 24GB 192-bit GDDR6 PCI Express 5.0 x8 Graphics",RAM,£634.79 –
"ASRock B550M-ITX/AC AM4 AMD B550 Mini ITX AMD Motherboard",Motherboard,£87.59 –
"G.SKILL Ripjaws Series 16GB 260-Pin DDR4 SO-DIMM DDR4 3200 (PC4 25600) Laptop Memory Model F4-3200C22S-16GRS",RAM,£141.59 –
"MSI Ventus GeForce RTX 5070 Ti 16GB GDDR7 PCI Express 5.0 ATX Graphics Card RTX 5070 TI 16G VENTUS 3X OC",GPU,£949.19 –
"GIGABYTE WINDFORCE GeForce RTX 5080 16GB GDDR7 PCI Express 5.0 Graphics Card GV-N5080WF3OC-16GD",GPU,£1,325.99 –
"GIGABYTE WindForce GeForce RTX 5070 12GB GDDR7 PCI Express 5.0 ATX Graphics Card GV-N5070WF3OC-12GD",GPU,£616.79 –
"Asus ROG Strix B550-F Gaming WiFi II AMD AM4 (3rd Gen Ryzen) ATX Gaming Motherboard (PCIe 4.0,WiFi 6E, 2.5Gb LAN, BIOS Flashback, HDMI 2.1, Addressable Gen 2 RGB Header and Aura Sync)",Motherboard,£135.59 –
"MSI Ventus GeForce RTX 5060 Ti 8GB GDDR7 PCI Express 5.0 x 16 (use x8) ATX Graphics Card RTX 5060 Ti 8G VENTUS 2X OC PLUS",GPU,£362.39 –
"G.SKILL TridentZ RGB Series 32GB (2 x 16GB) 288-Pin PC RAM DDR4 3600 (PC4 28800) Desktop Memory Model F4-3600C16D-32GTZRC",RAM,£298.79 –
"AMD Ryzen 7 7700X - Zen 4 8-Core 4.5 GHz - Socket AM5 - 105W Desktop Processor (100-100000591WOF)",CPU,£241.19 –
"G.SKILL Flare X5 16GB (2 x 8GB) 288-Pin PC RAM DDR5 6000 (PC5 48000) Desktop Memory Model F5-6000J3038F8GH2-FX5",RAM,£220.79 –
"GIGABYTE X870E AORUS PRO ICE AM5 LGA 1718, ATX, DDR5, 4x M.2, PCIe 5.0, USB4, Wi-Fi 7, 2.5GbE LAN, EZ-Latch, 5-Year Warranty",RAM,£287.99 –
"SAPPHIRE NITRO+ Radeon RX 9070 XT 16GB GDDR6 PCI Express 5.0 x16 ATX Graphics Card 11348-01-20G",GPU,£769.19 –
"CORSAIR Vengeance RGB Pro 32GB (2 x 16GB) 288-Pin PC RAM DDR4 3200 (PC4 25600) Desktop Memory Model CMW32GX4M2E3200C16",RAM,£265.19 –
"AMD Ryzen 9 9950X3D - Ryzen 9 9000 Series Granite Ridge (Zen 5) 16-Core 4.3 GHz Socket AM5 170W AMD Radeon Graphics Desktop CPU Processor - 100-100000719WOF",CPU,£649.19 –
"MSI PRO B850M-A WIFI AM5 , Wi-FI 7, 5G LAN, SATA 6Gbps, Bluetooth 5.4, double M.2 support,Micro ATX AMD Motherboard",Motherboard,£161.99 –
"MSI Gaming GeForce RTX 5080 16GB GDDR7 PCI Express 5.0 Graphics Card RTX 5080 16G GAMING TRIO OC",GPU,£1,515.59 –
"ASUS ROG Crosshair X870E Dark Hero ATX motherboard, 20+2+2 power stages, DDR5 slots, PCIe 5.0, five M.2 slots, 3D VC M.2 heatsink, USB4, AI Cache Boost, PCIe Slot Q-Release, AIO Q-Connector",Motherboard,£673.19 –
"G.SKILL Flare X5 128GB (2 x 64GB) 288-Pin PC RAM DDR5 6000 (PC5 48000) Desktop Memory Model F5-6000J3444F64GX2-FX5",RAM,£2,402.39 –
"XFX SWIFT Radeon RX 9060 XT 16GB 128-Bit GDDR6 PCI Express 5.0 x16 Graphics Card RX-96TS316B7",GPU,£461.99 –
"GIGABYTE Gaming GeForce RTX 5080 16GB GDDR7 PCI Express 5.0 Graphics Card GV-N5080GAMING OC-16GD",GPU,£1,433.99 –
"CORSAIR Vengeance RGB 32GB (2 x 16GB) 288-Pin PC RAM DDR5 6400 (PC5 51200) Desktop Memory Model CMH32GX5M2N6400C36",RAM,£418.79 –
"GIGABYTE AORUS GeForce RTX 5090 32GB GDDR7 PCI Express 5.0 x16 ATX Graphics Card GV-N5090AORUSST ICE-32GD",GPU,£3,832.79 –
"MSI MEG Z890 GODLIKE LGA 1851 Intel Z890 Extended ATX Motherboard",Motherboard,£999.59 –
"ASUS B850 MAX GAMING WIFI W - AMD AM5 ATX Motherboard, White PCB, DDR5, PCIe 5.0 Ready, 3x M.2, Wi-Fi 6E, 2.5Gb LAN, USB 10Gbps Type-C, DisplayPort, HDMI, BIOS FlashBack, Aura Sync, ASUS AI Advisor",Motherboard,£173.99 –
"CORSAIR Vengeance LPX 32GB (2 x 16GB) 288-Pin PC RAM DDR4 3200 (PC4 25600) Desktop Memory Model CMK32GX4M2E3200C16",RAM,£254.39 –
"Patriot Viper Elite 5 16GB 288-Pin PC RAM DDR5 6000 CL30(PC5 48000) Hynix Desktop Memory Model VEB516G6030W Compatible with AMD / Intel Gen14 Only",RAM,£193.19 –
"ONIX LUMI Arc B580 12GB GDDR6 PCI Express 4.0 x8 ATX Graphics Card 8346-00278",GPU,£278.39 –
"AMD Ryzen 7 9700X - Ryzen 7 9000 Series Granite Ridge (Zen 5) 8-Core 3.8 GHz - Socket AM5 65W - Radeon Graphics Processor - 100-100001404WOF",CPU,£305.99 –
"GIGABYTE X870E AORUS XTREME X3D AI TOP AMD AM5 LGA 1718, E-ATX, Supports AMD Ryzen 9000/8000/7000 Series Processors, DDR5, 24+2+2 Total Power Phase, 5x M.2, PCIe 5.0, USB4 Type-C, WIFI7, Dual 10GbE, P",CPU,£1,057.19 –
"MSI Gaming GeForce RTX 5080 16GB GDDR7 PCI Express 5.0 Graphics Card RTX 5080 16G GAMING TRIO OC WHITE",GPU,£1,582.79 –
"GIGABYTE X870 AORUS ELITE WIFI7 ICE AM5 LGA 1718, ATX, DDR5, 4x M.2, PCIe 5.0, USB4, Wi-Fi 7, 2.5GbE LAN, EZ-Latch, 5-Year Warranty",RAM,£260.39 –
"MSI MAG X870 TOMAHAWK WIFI AM5 AMD X870 ATX Motherboard",Motherboard,£250.79 –
"CORSAIR Vengeance RGB 32GB (2 x 16GB) 288-Pin PC RAM DDR5 6000 (PC5 48000) Desktop Memory Model CMH32GX5M2F6000Z36",RAM,£423.59 –
"ASRock B650M Pro RS WiFi AM5 AMD B650 Micro ATX Motherboard",Motherboard,£125.99 –
"Crucial 32GB (2 x 16GB) 260-Pin DDR4 SO-DIMM DDR4 3200 (PC4 25600) Laptop Memory Model CT2K16G4SFRA32A",RAM,£231.59 –
"MSI MPG X870E CARBON WIFI AM5 AMD X870E ATX Motherboard",Motherboard,£394.79 –
"CORSAIR Vengeance RGB 32GB (2 x 16GB) 288-Pin PC RAM DDR5 6000 (PC5 48000) Custom Lab Cherry Blossom Desktop Memory Model CMH32GX5M2B6000Z30WCB - White",RAM,£515.99 –
"G.SKILL Trident Z5 Neo Series 64GB (2 x 32GB) 288-Pin PC RAM DDR5 6000 (PC5 48000) Desktop Memory Model F5-6000J2636H32GX2-TZ5NR",RAM,£1,114.79 –
"GIGABYTE WindForce GeForce RTX 5060 Ti 16GB GDDR7 PCI Express 5.0 x8 ATX Graphics Card GV-N506TWF2OC-16GD",GPU,£500.39 –
"ASRock Challenger Radeon RX 9070 16GB GDDR6 PCI Express 5.0 x16 ATX Graphics Card RX9070 CL 16G",GPU,£598.79 –
"GIGABYTE Gaming Radeon RX 9060 XT 16GB GDDR6 PCI Express 5.0 x16 ATX Graphics Card GV-R906XGAMINGOCICE-16GD",GPU,£447.59 –
"ASRock B450M/AC R2.0 AM4 AMD Promontory B450 Micro ATX AMD Motherboard",Motherboard,£77.99 –
"GIGABYTE WINDFORCE GeForce RTX 5080 16GB GDDR7 PCI Express 5.0 x16 ATX SFF Graphics Card GV-N5080WF3-16GD",GPU,£1,325.99 –
"GIGABYTE B850 AORUS ELITE WIFI7 AMD AM5 LGA 1718 Motherboard, ATX, DDR5, 3x M.2, PCIe 5.0, USB-C, WIFI7, 2.5GbE LAN, EZ-Latch 5-Year Warranty",Motherboard,£193.19 –
"MSI Ventus GeForce RTX 5060 Ti 16GB GDDR7 PCI Express 5.0 x16 (use x8) Graphics Card (RTX 5060 Ti 16G VENTUS 2X OC BLACK PLUS)",GPU,£569.99 –
"AMD Ryzen 9 9900X3D - Ryzen 9 9000 Series Granite Ridge (Zen 5) 12-Core 4.4 GHz Socket AM5 120W AMD Radeon Graphics Processor - 100-100001368WOF",CPU,£503.99 –
"G.SKILL Trident Z5 RGB Series 32GB (2 x 16GB) 288-Pin PC RAM DDR5 6000 (PC5 48000) Desktop Memory Model F5-6000J3636F16GX2-TZ5RK",RAM,£461.99 –
"GIGABYTE Gaming Radeon RX 9070 XT 16GB GDDR6 PCI Express 5.0 x16 ATX Graphics Card GV-R9070XTGAMING OC-16GD",GPU,£710.39 –
"ASUS TUF GAMING B550-PLUS WIFI II AM4 AMD B550 ATX AMD Motherboard",Motherboard,£113.99 –
"CORSAIR Vengeance RGB 32GB (2 x 16GB) 288-Pin PC RAM DDR5 6000 (PC5 48000) Desktop Memory Model CMH32GX5M2E6000C36",RAM,£421.19 –
"ASRock Challenger Arc B570 10GB GDDR6 PCI Express 4.0 x8 ATX Graphics Card B570 CL 10GO",GPU,£239.99 –
"ASUS B650E MAX GAMING WIFI W - AMD B650 AM5 ATX Motherboard, White PCB, DDR5, PCIe 5.0, 3x M.2, Wi-Fi 6E, 2.5Gb LAN, USB 10Gbps Type-C, DisplayPort, HDMI, BIOS FlashBack, Aura Sync, Advanced AI PC",Motherboard,£154.79 –
"MSI SHADOW GeForce RTX 5060 8GB GDDR7 PCI Express 5.0 x 16 (use x8) Graphics Card RTX 5060 8G SHADOW 2X OC",GPU,£345.59 –
"GIGABYTE X870E AORUS ELITE WIFI7 AM5 LGA 1718, ATX, DDR5, 4x M.2, PCIe 5.0, USB4, Wi-Fi 7, 2.5GbE LAN, EZ-Latch, 5-Year Warranty",RAM,£266.39 –
"Crucial Pro 32GB (2 x 16GB) 288-Pin PC RAM DDR4 3200 (PC4 25600) Desktop Memory Model CP2K16G4DFRA32A",RAM,£221.99 –
"Intel Core Ultra 7 265K - Core Ultra 7 (Series 2) Arrow Lake 20-Core (8P+12E), LGA 1851, 125W Desktop Processor - BX80768265K",CPU,£279.59 –
"CORSAIR Vengeance RGB 32GB (2 x 16GB) 288-Pin PC RAM DDR5 6000 (PC5 48000) Desktop Memory Model CMH32GX5M2E6000C36W",RAM,£421.19 –
"ZOTAC SOLID CORE OC GeForce RTX 5080 16GB 256-Bit GDDR7 DLSS 4.0 PCI Express 5.0 x16 Graphics Card ZT-B50800J2-10P",GPU,£967.19 –
"ASUS ROG STRIX X870-A GAMING WIFI AMD AM5 X870 ATX motherboard 16+2+2 power stages, Dynamic OC Switcher, Core Flex, DDR5 AEMP, WiFi 7, 4x M.2, PCIe 5.0, Q-Release Slim, USB4, AI OCing & Networking",Motherboard,£269.99 –
"Kingston FURY Beast 32GB (2 x 16GB) 288-Pin PC RAM DDR4 3200 (PC4 25600) Desktop Memory Model KF432C16BB12AK2/32",RAM,£322.79 –
"ASUS ROG CROSSHAIR X870E HERO AMD X870E AM5 ATX motherboard, Advanced AI PC ready, 18+2+2 power stages, DDR5, PCIe 5.0, 5x M.2, Wi-Fi 7, USB4, AI Overclocking, Core Flex, PCIe Slot Q-Release Slim",Motherboard,£550.79 –
"GIGABYTE Gaming GeForce RTX 5070 12GB GDDR7 PCI Express 5.0 ATX Graphics Card GV-N5070GAMING OC-12GD",GPU,£650.39 –
"AMD Ryzen 9 9950X - Ryzen 9 9000 Series Granite Ridge (Zen 5) 16-Core 4.3 GHz - Socket AM5 170W - Radeon Graphics Processor - 100-100001277WOF",CPU,£499.19 –
"MSI B850 GAMING PLUS WIFI AM5 AMD B850 SATA 6Gb/s 5G Network DDR5 Wi-Fi 7 ATX Motherboard",Motherboard,£181.19 –
"GIGABYTE B550 AORUS ELITE AX V2 AM4 AMD B550 ATX Motherboard with Dual M.2, SATA 6Gb/s, USB 3.2 Gen 2, 2.4/5 GHz Dual-Band, 2.5 GbE LAN, PCIe 4.0",Motherboard,£124.79 –
"ASUS Dual Radeon RX 9060 XT 16GB GDDR6 PCI Express 5.0 x16 ATX Graphics Card DUAL-RX9060XT-16G",GPU,£470.39 –
"ASRock B550 Phantom Gaming 4/ac AM4 AMD B550 ATX AMD Motherboard",Motherboard,£77.99 –
"ASUS ROG STRIX B850-A GAMING WIFI R2 AMD AM5 B850 ATX motherboard with 14+2+1 power stages, DDR5 support with AEMP, WiFi 7, 4x M.2, PCIe 5.0 x16, USB 20Gbps Type-C, ASUS AI Advisor, AI Networking II",Motherboard,£200.39 –
"GIGABYTE B550I AORUS PRO AX AM4 AMD B550 Mini-ITX Motherboard with Dual M.2, SATA 6Gb/s, USB 3.2 Gen 1, WIFI 6, 2.5 GbE LAN, PCIe 4.0",Motherboard,£164.39 –
"ASRock X870 TAICHI CREATOR AM5 AMD X870 ATX Motherboard",Motherboard,£308.39 –
"ASRock B650M PRO RS AM5 AMD B650 Micro ATX Motherboard",Motherboard,£95.99 –
"MSI SHADOW GeForce RTX 5070 12GB GDDR7 PCI Express 5.0 ATX Graphics Card RTX 5070 12G SHADOW 2X OC",GPU,£625.19 –
"AMD Ryzen 5 7600X - Zen 4 6-Core 4.7 GHz - Socket AM5 - 105W Desktop Processor (100-100000593WOF)",CPU,£171.59 –
"ASUS TUF GAMING X870E-PLUS WIFI7 AMD X870E ATX Motherboard with 16+2+1 80A Power Stages, DDR5 Support with AEMP, PCIe 5.0 x16 with PCIe Slot Q-Release Slim, Four M.2 Slots, WiFi 7 with ASUS WiFi Q-Ant",Motherboard,£313.19 –
"Team Group 16GB (2 x 8GB) 288-Pin PC RAM DDR5 6000 (PC5 48000) Memory Model FF3D516G6000HC38ADC01",RAM,£241.19 –
"Patriot Viper Venom 32GB (2 x 16GB) 288-Pin PC RAM DDR5 6000 (PC5 48000) Desktop Memory Model PVV532G600C30K Compatible with AMD & Intel Gen14 Only",RAM,£375.59 –
"Intel Core i9-14900K - Core i9 14th Gen 24-Core (8P+16E) LGA 1700 125W Intel UHD Graphics 770 Desktop Processor - Boxed - BX8071514900K",CPU,£451.19 –
"ASUS ROG STRIX X870E-H GAMING WIFI7 with 16+2+1 power stages, DDR5, WiFi 7, four M.2 slots, PCIe 5.0, dual USB4 ports and USB 10Gbps Type-C",RAM,£327.59 –
"MSI PRO B650M-A WIFI AM5 AMD B650 SATA 6Gb/s DDR5 Ryzen 7000 Micro ATX Motherboard",Motherboard,£135.59 –
"ASRock B850M STEEL LEGEND WIFI AM5 AMD B850 Micro ATX Motherboard",Motherboard,£143.99 –
"MSI MAG B850 TOMAHAWK MAX WIFI AM5 AMD B850 SATA 6Gb/s 5G Network Wi-Fi7 DDR5 Motherboard",Motherboard,£219.59 –
"MSI B650M PROJECT ZERO AM5 AMD B650 Ryzen 7000 SATA DDR5 PCI-E x16 slot 2x M.2 Wi-Fi 6E Bluetooth 6Gb/s mATX Back Connect Design Motherboard",Motherboard,£167.99 –
"GIGABYTE B760M DS3H AX DDR4 LGA 1700 Intel B760 M-ATX Motherboard with DDR4, Dual M.2, PCIe 4.0, USB 3.2 Gen 2 Type-C, WiFi 6E, 2.5GbE LAN, Q-Flash Plus, PCIe EZ-Latch",Motherboard,£125.99 –
"G.SKILL Trident Z5 RGB Series 32GB (2 x 16GB) 288-Pin PC RAM DDR5 6000 (PC5 48000) Desktop Memory Model F5-6000J3238F16GX2-TZ5RK",RAM,£469.19 –
"ASUS ROG STRIX X870E-E GAMING WIFI",Unknown,£394.79 –
"GIGABYTE B760M GAMING PLUS WIFI DDR4 LGA 1700 Intel B760 M-ATX Motherboard with DDR4, 2* M.2, PCIe 4.0, Front USB 3.2 Gen 1 Type-C, WiFi 6 GbE LAN, Q-Flash Plus, PCIe EZ-Latch",Motherboard,£135.59 –
"MSI Ventus GeForce RTX 5070 12GB GDDR7 PCI Express 5.0 ATX Video Card RTX 5070 12G VENTUS 2X OC BLACK",RAM,£623.99 –
"GIGABYTE X870 AORUS ELITE WIFI7 AM5 LGA 1718, ATX, DDR5, 4x M.2, PCIe 5.0, USB4, Wi-Fi 7, 2.5GbE LAN, EZ-Latch, 5-Year Warranty",RAM,£212.39 –
"ASUS ROG STRIX X870E-H GAMING WIFI7 HATSUNE MIKU EDITION AMD X870E ATX motherboard, 16+2+1 power stages, Dynamic OC Switcher, Core Flex, DDR5, WiFi 7, 4x M.2, PCIe 5.0, dual USB4, USB 10Gbps Type-C",Motherboard,£538.79 –
"ASUS TUF GAMING B850-PLUS WIFI AMD AM5 B850 ATX motherboard, 14+2+1 80A stages, AI Ready, DDR5, PCIe 5.0 , 3x M.2, Wi-Fi 7, 2.5Gb LAN, DisplayPort, HDMI, USB 10Gbps & 20Gbps Type-C, BIOS FlashBack",Motherboard,£212.39 –
"CORSAIR Vengeance RGB 32GB (2 x 16GB) 288-Pin PC RAM DDR5 6000 (PC5 48000) Desktop Memory Model CMH32GX5M2B6000C38",RAM,£394.79 –
"Team T-FORCE VULCAN Z 32GB (2 x 16GB) 288-Pin PC RAM DDR4 3200 (PC4 25600) Desktop Memory Model TLZGD432G3200HC16FDC01",RAM,£239.99 –
"PowerColor Reaper Radeon RX 9060 XT 16GB GDDR6 PCI Express 5.0 x16 ATX Video Card RX9060XT 16G-A",RAM,£451.19 –
"MSI MEG X870E GODLIKE AM5 AMD X870E Extended ATX Motherboard",Motherboard,£1,016.39 –
"ASUS Prime B550-PLUS AC-HES AMD AM4 (3rd Gen Ryzen) ATX motherboard (dual M.2, PCIe 4.0, WIFI 5, 1 Gb Ethernet, DisplayPort/HDMI, SATA 6 Gbps, USB 3.2 Gen 2 Type-C, front USB 3.2 Gen 1 Type-C",Motherboard,£97.19 –
"MSI PRO B760M-P LGA 1700 Intel B760 SATA 6Gb/s Micro ATX Motherboard",Motherboard,£115.19 –
"MSI MB MAG X870E GAMING PLUS MAX WIFI",Unknown,£274.79 –
"Patriot Viper Elite 5 32GB 288-Pin PC RAM DDR5 5600 (PC5 44800) Desktop Memory Model PVER532G56C38W",RAM,£325.19 –
"Patriot Viper Elite 5 32GB (2 x 16GB) 288-Pin PC RAM DDR5 6000 CL30(PC5 48000) Hynix Desktop Memory Model VEB532G6030KW Compatible with AMD & Intel Gen14 Only",RAM,£365.99 –
"GIGABYTE B850M EAGLE WIFI6E AMD AM5 Motherboard, M-ATX, DDR5, 2x M.2, PCIe 5.0, USB-C, USB 3.2 Gen 2, WIFI6E, 2.5GbE LAN, EZ-Latch, Wi-Fi EZ-Plug",Motherboard,£134.39 –
"MSI Ventus GeForce RTX 5070 Ti 16GB GDDR7 PCI Express 5.0 Graphics Card RTX 5070 TI 16G VENTUS 3X OC BLACK",GPU,£1,028.39 –
"GIGABYTE Gaming Radeon RX 9070 XT 16GB GDDR6 PCI Express 5.0 x16 Graphics Card GV-R907XGAMINGOCICE-16GD",GPU,£719.99 –
"Crucial 32GB Single DDR4 3200 MT/s CL22 SODIMM 260-Pin Memory - CT32G4SFD832A",RAM,£239.99 –
"G.SKILL Trident Z5 Neo RGB Series AMD EXPO 32GB (2 x 16GB) 288-Pin PC RAM DDR5 6000 (PC5 48000)  Desktop Memory Model F5-6000J3636F16GX2-TZ5NR",RAM,£461.99 –
"GIGABYTE X870E AORUS MASTER AM5 LGA 1718, ATX, DDR5, 4x M.2, PCIe 5.0, USB4, Wi-Fi 7, 5GbE LAN, EZ-Latch, 5-Year Warranty",RAM,£356.39 –
"MSI INSPIRE GeForce RTX 5080 16GB GDDR7 PCI Express 5.0 Graphics Card RTX 5080 16G INSPIRE 3X OC",GPU,£1,393.19 –
"MSI PRO B850-S WIFI6E AM5 AMD B850 SATA 6Gb/s 5G Network Wi-Fi6E DDR5 Motherboard",Motherboard,£143.99 –
"Crucial 32GB (2 x 16GB) 262-Pin DDR5 SO-DIMM DDR5 4800 (PC4 38400) Laptop Memory Model CT2K16G48C40S5",RAM,£383.99 –
"Crucial 64GB (2 x 32GB) 262-Pin DDR5 SO-DIMM DDR5 5600 Laptop Memory Model CT2K32G56C46S5",RAM,£718.79 –
"MSI MAG MAG X870E TOMAHAWK WIFI AM5 AMD X870E SATA 6Gb/s M.2 DDR5 Wi-Fi 7 5G LAN ATX Motherboards",Motherboard,£279.59 –
"Crucial Pro Overclocking 32GB (2 x 16GB) DDR5 6000 (PC5 48000) Desktop Memory Model CP2K16G60C36U5B",RAM,£385.19 –
"MSI Z790 GAMING PLUS WIFI LGA 1700 Intel Z790 SATA 6Gb/s ATX DDR5 PCI-E x16 slot Wi-Fi 6E 2.5Gbps LAN 4x M.2  EZ Debug LED Motherboard",Motherboard,£183.59 –
"G.SKILL Trident Z5 Royal Neo Series 32GB (2 x 16GB) 288-Pin PC RAM DDR5 6000 (PC5 48000) Desktop Memory Model F5-6000J2836G16GX2-TR5NS",RAM,£625.19 –
"CORSAIR Vengeance RGB Pro SL 16GB (2 x 8GB) 288-Pin PC RAM DDR4 3200 (PC4 25600) Desktop Memory Model CMH16GX4M2E3200C16W",RAM,£149.99 –
"GIGABYTE Z890 AORUS ELITE WIFI7 ICE Ultra Core (Series 2) LGA 1851, ATX, DDR5, 4x M.2, PCIe 5.0, Thunderbolt 4, WIFI7, 2.5GbE LAN, EZ-Latch",RAM,£190.79 –
"ASUS TUF GAMING B850M-E WIFI AMD B850 mATX motherboard, 8+2+1 80A DrMOS power stages, DDR5, PCIe 5.0, 3 M.2 slots, WiFi 6E, 2.5Gb Ethernet, DisplayPort, HDMI, rear USB-C 10Gbps and front USB-C 5Gbps",Motherboard,£173.99 –
"ASRock X870E NOVA WIFI AM5 AMD X870E ATX Motherboard",Motherboard,£247.19 –
"GIGABYTE WINDFORCE GeForce RTX 5060 8GB GDDR7 PCI Express 5.0 ATX Graphics Card GV-N5060WF2OC-8GD",GPU,£332.39 –
"MSI MPG MPG X870E EDGE TI WIFI AM5 AMD X870E SATA 6Gb/s  5G LAN DDR5 M.2 Wi-Fi 7 ATX Motherboards",Motherboard,£310.79 –
"ASRock Monster Hunter Wilds Radeon RX 9070 XT 16GB GDDR6 PCI Express 5.0 x16 Graphics Card RX9070XT MH 16G",GPU,£716.39 –
"Kingston FURY Beast 32GB (2 x 16GB) 288-Pin PC RAM DDR5 6000 (PC5 48000) Memory (Desktop Memory) Model KF560C30BBEAK2-32",RAM,£669.59 –
"GIGABYTE X870I AORUS PRO ICE AMD AM5 LGA 1718 Motherboard, Mini-ITX, DDR5, 2x M.2, PCIe 5.0, USB-C, WIFI7, 2.5GbE LAN, EZ-Latch, 5-Year Warranty",Motherboard,£277.19 –
"CORSAIR Vengeance 32GB (2 x 16GB) 288-Pin PC RAM DDR5 6000 (PC5 48000) Desktop Memory Model CMK32GX5M2B6000C38",RAM,£383.99 –
"Kingston FURY Beast 32GB (2 x 16GB) 288-Pin PC RAM DDR5 6000 (PC5 48000) Memory (Desktop Memory) Model KF560C30BBEK2-32",RAM,£639.59 –
"GIGABYTE B850 AORUS ELITE WIFI7 ICE AMD AM5 LGA 1718 Motherboard, ATX, DDR5, 3x M.2, PCIe 5.0, USB-C, WIFI7, 2.5GbE LAN, EZ-Latch, 5-Year Warranty",Motherboard,£202.79 –
"Team Group 16GB (2 x 8GB) 288-Pin PC RAM DDR5 6000 (PC5 48000) Memory Model FLBD516G6000HC38ADC01",RAM,£231.59 –
"G.SKILL Ripjaws V Series 16GB 288-Pin PC RAM DDR4 3200 (PC4 25600) Desktop Memory Model F4-3200C16S-16GVK",RAM,£124.79 –
"ASUS ROG CROSSHAIR X870E HERO BTF AMD X870E ATX Board with Hidden-connector Design and High-power GPU Slot for Clean Cable Management, 18+2+2 Power, DDR5, WiFi 7, 5x M.2, PCIe 5.0, USB4",GPU,£717.59 –
"Patriot Viper Venom 32GB (2 x 16GB) 288-Pin PC RAM DDR5 6200 (PC5 49600) Desktop Memory Model PVV532G620C40K",RAM,£344.39 –
"Team T-Force Delta ECO 32GB (2 x 16GB) 288-Pin PC RAM DDR5 6400 (PC5 51200) Desktop Memory Model FF2D532G6400HC32ADC01",RAM,£507.59 –
"G.SKILL Trident Z5 RGB Series 64GB (2 x 32GB) 288-Pin PC RAM DDR5 6000 (PC5 48000) Desktop Memory Model F5-6000J3636F32GX2-TZ5RK",RAM,£740.39 –
"ASUS ROG Strix B650E-I Gaming WiFi AMD B650 AM5 Ryzen™ Desktop 9000 8000 & 7000 mini-ITX mITX motherboard, 10+2  power stages, DDR5, 2x M.2 slot, PCIe® 5.0, 2.5G LAN, WiFi 6E, USB 3.2 Gen 2x2 Type-C",Motherboard,£202.79 –
"Intel Core Ultra 9 285K - Core Ultra 9 (Series 2) Arrow Lake 24-Core (8P+16E), LGA 1851, 125W Desktop Processor - BX80768285K",CPU,£537.59 –
"ASRock Creator Radeon AI Pro R9700 R9700 CT 32GB 256-bit GDDR6 PCI Express 5.0 x16 Graphics Card",GPU,£1,264.79 –
"G.SKILL Ripjaws V Series 16GB (2 x 8GB) 288-Pin PC RAM DDR4 3200 (PC4 25600) Desktop Memory Model F4-3200C16D-16GVKB",RAM,£148.79 –
"Team T-Force Delta RGB 32GB (2 x 16GB) 288-Pin PC RAM DDR5 6000 (PC5 48000) Desktop Memory Model FF3D532G6000HC30DC01",RAM,£500.39 –
"AMD Ryzen 9 7900X - Zen 4 12-Core 4.7 GHz - Socket AM5 - 170W Desktop Processor (100-100000589WOF)",CPU,£303.59 –
"GIGABYTE X870 GAMING WIFI6 AM5 LGA 1718, ATX, DDR5, 3x M.2, PCIe 5.0, USB4, WIFI 6, 2.5GbE LAN, EZ-Latch, 5-Year Warranty",RAM,£178.79 –
"CORSAIR Vengeance RGB 32GB (2 x 16GB) 288-Pin PC RAM DDR5 6400 (PC5 51200) Desktop Memory Model CMH32GX5M2B6400C36",RAM,£421.19 –
"Team T-Force Delta RGB 16GB (2 x 8GB) 288-Pin PC RAM DDR4 3200 (PC4 25600) Desktop Memory Model TF3D416G3200HC16FDC01",RAM,£142.79 –
"G.SKILL Trident Z5 RGB Series 32GB (2 x 16GB) 288-Pin PC RAM DDR5 6400 (PC5 51200) Desktop Memory Model F5-6400J3239G16GX2-TZ5RK",RAM,£481.19 –
"Team T-FORCE VULCAN Z 16GB (2 x 8GB) DDR4 3200 (PC4 25600) Desktop Memory Model TLZGD416G3200HC16FDC01",RAM,£133.19 –
"ASUS TUF Gaming Radeon RX 9070 XT 16GB GDDR6 PCI Express 5.0 x16 ATX Graphics Card TUF-RX9070XT-O16G-COD-BO7 Special Edition w/ Call of Duty: Black Ops 7 Game Code",GPU,£759.59 –
"GIGABYTE B850 AORUS STEALTH AMD AM5 Motherboard, ATX, DDR5, 4x M.2, PCIe 5.0, USB-C, WIFI7, 5GbE LAN",Motherboard,£254.39 –
"ASUS PRIME Radeon RX 9070 XT 16GB 256-Bit GDDR6 PCI Express 5.0  RDNA 4 Graphics Card PRIME-RX9070XT-O16G",GPU,£757.19 –
"Crucial 128GB (2 x 64GB) 262-Pin DDR5 SO-DIMM DDR5 5600 (PC5 44800) Laptop Memory Model CT2K64G56C46S5",RAM,£1,222.79 –
"GIGABYTE X870E AERO X3D WOOD AMD AM5 LGA 1718 Motherboard, ATX, Supports AMD Ryzen 9000/8000/7000 Series Processors, DDR5, 16+2+2 Total Power Phase, 4x M.2, PCIe 5.0, USB4 Type-C, WIFI7, Dual 5 GbE LA",CPU,£472.79 –
"ASRock PRO Z790 PRO RS WiFi Intel LGA1700 (14th,13th,12th Gen) ATX Motherboard, 4 DDR5 Slots, PCIE 5.0x16, Realtek ALC897 7.1 CH, Dragon 2.5G LAN, WiFi 6E+Bluetooth, 8 SATA3, 4 Hyper M.2 (PCIe Gen4x4)",Motherboard,£133.19 –
"ASRock B850 PRO-A AM5 AMD B850 ATX Motherboard",Motherboard,£134.39 –
"ASRock Taichi Radeon RX 9070 XT 16GB GDDR6 PCI Express 5.0 x16 ATX Graphics Card RX9070XT TC 16GO",GPU,£757.19 –
"ZOTAC SOLID SFF OC GeForce RTX 5070 Ti 16GB 256-Bit GDDR7 DLSS 4.0 PIC-Express 5.0 Graphics Card ZT-B50710J3-10P",GPU,£947.99 –
"G.SKILL Ripjaws V Series 16GB (2 x 8GB) 288-Pin PC RAM DDR4 3600 (PC4 28800) Desktop Memory Model F4-3600C18D-16GVK",RAM,£148.79 –
"MSI MPG X870I EDGE TI EVO WIFI AM5 AMD X870 Motherboard",Motherboard,£413.99 –
"G.SKILL Ripjaws S5 Series 32GB (2 x 16GB) 288-Pin PC RAM DDR5 6000 (PC5 48000) Desktop Memory Model F5-6000J3636F16GX2-RS5K",RAM,£433.19 –
"MSI PRO Z790-A WIFI II LGA 1700 Intel Z790 SATA 6Gb/s DDR5 ATX Motherboard",Motherboard,£211.19 –
"ASRock B850M Riptide WiFi AM5 AMD B850 Micro ATX Motherboard",Motherboard,£143.99 –
"G.SKILL Ripjaws M5 Neo RGB Series 16GB 288-Pin PC RAM DDR5 6000 (PC5 48000) Desktop Memory Model F5-6000J3636F16GX1-RM5NRK",RAM,£231.59 –
"MSI Ventus GeForce RTX 5060 Ti 16GB GDDR7 PCI Express 5.0 x 16 (use x8) Graphics Card RTX 5060 Ti 16G VENTUS 2X BLACK PLUS",GPU,£569.99 –
"GIGABYTE B760I AORUS PRO LGA 1700 Intel B760 DDR5 SATA 6Gb/s Mini ITX Motherboard",Motherboard,£190.79 –
"G.SKILL Ares Series 16GB (2 x 8GB) 240-Pin PC RAM DDR3 1600 (PC3 12800) Low Profile Extreme Performance Memory Model F3-1600C9D-16GAB",RAM,£89.99 –
"Patriot Viper Elite 5 16GB (1X16GB) 288-Pin PC RAM DDR5 6000 (PC5 48000) Desktop Memory Model PVER516G60C42W",RAM,£188.39 –
"ASRock B850M Pro RS WiFi White Micro ATX Motherboard",Motherboard,£133.19 –
"CORSAIR Vengeance RGB 32GB (2 x 16GB) 288-Pin PC RAM DDR5 6000 (PC5 48000) Desktop Memory Model CMH32GX5M2N6000Z30",RAM,£515.99 –
"GIGABYTE X870 GAMING X WIFI7 AM5 LGA 1718, ATX, DDR5, 4x M.2, PCIe 5.0, USB4, Wi-Fi 7, 2.5GbE LAN, EZ-Latch, 5-Year Warranty",RAM,£212.39 –
"MSI PRO B650-S WIFI AM5 AMD B650 Ryzen 7000 DDR5 PCI-E x16 slot  Wi-Fi 6E Bluetooth SATA 6Gb/s ATX Motherboard",Motherboard,£124.79 –
"CORSAIR Vengeance 64GB (2 x 32GB) 288-Pin PC RAM DDR5 5200 (PC5 41600) Desktop Memory Model CMK64GX5M2B5200C40",RAM,£790.79 –
"CORSAIR Vengeance RGB 16GB (2 x 8GB) 288-Pin PC RAM DDR5 5200 (PC5 41600) Desktop Memory Model CMH16GX5M2B5200C40",RAM,£255.59 –
"Patriot Viper Venom 32GB (2 x 16GB) 288-Pin PC RAM DDR5 6000 (PC5 48000) Desktop Memory Model PVV532G600C36K Compatible with AMD / Intel Gen14 Only",RAM,£350.39 –
"GIGABYTE  X870E AORUS MASTER X3D ICE AM5 AMD X870E ATX Motherboard",Motherboard,£577.19 –
"CORSAIR Vengeance 64GB (2 x 32GB) 288-Pin PC RAM DDR5 5600 (PC5 44800) Desktop Memory Model CMK64GX5M2B5600C40",RAM,£790.79 –
"CORSAIR Vengeance 32GB (2 x 16GB) 288-Pin PC RAM DDR5 6000 (PC5 48000) Desktop Memory Model CMK32GX5M2B6000C30",RAM,£515.99 –
"G.SKILL Trident Z5 Neo Series 64GB (2 x 32GB) 288-Pin PC RAM DDR5 6000 (PC5 48000) Desktop Memory Model F5-6000J3040G32GX2-TZ5N",RAM,£865.19 –
"Intel Core Ultra 5 245K - Core Ultra 5 (Series 2) Arrow Lake 14-Core (6P+8E), LGA 1851, 125W Desktop Processor - BX80768245K",CPU,£207.59 –
"Crucial Pro Overclocking 32GB (2 x 16GB) DDR5 6000 (PC5 48000) Desktop Memory Model CP2K16G60C36U5W",RAM,£377.99 –
"G.SKILL Ripjaws S5 Series 64GB (2 x 32GB) 288-Pin PC RAM DDR5 6000 (PC5 48000) Desktop Memory Model F5-6000J3040G32GX2-RS5K",RAM,£831.59 –
"Intel Core i7-14700K - Core i7 14th Gen 20-Core (8P+12E) LGA 1700 125W Intel UHD Graphics 770 Processor - Boxed - BX8071514700K",CPU,£351.59 –
"G.SKILL Trident Z5 Neo RGB Series 128GB (2 x 64GB) 288-Pin PC RAM DDR5 6000 (PC5 48000) Desktop Memory Model F5-6000J3444F64GX2-TZ5NR",RAM,£2,450.39 –
"MSI Ventus GeForce RTX 5070 Ti 16GB GDDR7 PCI Express 5.0 Graphics Card RTX 5070 Ti 16G VENTUS 3X PZ OC",GPU,£977.99 –
"GIGABYTE Z890 AORUS ELITE WIFI7 Ultra Core (Series 2) LGA 1851, ATX, DDR5, 4x M.2, PCIe 5.0, Thunderbolt 4, WIFI7, 2.5GbE LAN, EZ-Latch",RAM,£189.59 –
"Team T-Force Delta RGB 32GB (2 x 16GB) 288-Pin PC RAM DDR5 6000 (PC5 48000) Desktop Memory Model FF4D532G6000HC30DC01",RAM,£500.39 –
"CORSAIR Vengeance LPX 16GB (2 x 8GB) 288-Pin PC RAM DDR4 3200 (PC4 25600) Desktop Memory Model CMK16GX4M2E3200C16",RAM,£140.39 –
"ASUS GeForce RTX 5060 8GB GDDR7 PCI Express 5.0 x8 Graphics Card PRIME-RTX5060-8G",GPU,£375.59 –
"GIGABYTE B760M DS3H WIFI6E GEN5 LGA 1700 Intel B760 M-ATX Motherboard with DDR5, M.2, PCIe 5.0, USB 3.2 Gen 2 Type-C, WIFI6E 2.5GbE LAN, WIFI EZ-Plug, PCIe EZ-Latch",Motherboard,£134.39 –
"ASRock B850M PRO RS WIFI AM5 AMD B850 Micro ATX Motherboard",Motherboard,£134.39 –
"CORSAIR Vengeance RGB 64GB (2 x 32GB) 288-Pin PC RAM DDR5 6400 (PC5 51200) Desktop Memory Model CMH64GX5M2N6400C32W",RAM,£1,072.79 –
"ASRock X870 LiveMixer WiFi AM5 AMD X870 ATX Motherboard",Motherboard,£193.19 –
"Intel Core i5-12600K - Core i5 12th Gen Alder Lake 10-Core (6P+4E) 3.7 GHz LGA 1700 125W Intel UHD Graphics 770 Desktop Processor - BX8071512600K",CPU,£179.99 –
"Intel Core Ultra 5 245KF - Core Ultra 5 (Series 2) Arrow Lake 14-Core (6P+8E), LGA 1851, 125W Desktop Processor - BX80768245KF",CPU,£182.39 –
"ASRock X870E Taichi Lite AM5 AMD X870E Extended ATX Motherboard",Motherboard,£289.19 –
"G.SKILL Trident Z5 Neo RGB Series 32GB (2 x 16GB) 288-Pin PC RAM DDR5 6400 (PC5 51200) Desktop Memory Model F5-6400J3039G16GX2-TZ5NR",RAM,£515.99 –
"Crucial Pro Overclocking 32GB (2 x 16GB) DDR5 6400 (PC5 51200) Desktop Memory Model CP2K16G64C38U5B",RAM,£394.79 –
"G.SKILL Ripjaws V Series 64GB (4 x 16GB) 288-Pin PC RAM DDR4 3200 (PC4 25600) Desktop Memory Model F4-3200C16Q-64GVK",RAM,£548.39 –
"ASUS ROG CROSSHAIR X870E APEX AMD X870E AM5 ATX motherboard, Advanced AI PC-ready, 18+2+2 stages, DDR5, ROG Memory Fan, ROG DIMM.2 Card, Wi-Fi 7, 5G LAN, 3x M.2, PCIe® 5.0, USB4® , USB Type-C®, AI OC",Motherboard,£721.19 –
"MSI MPG B550 GAMING PLUS AM4 AMD B550 USB 3.0 ATX AMD Motherboard",Motherboard,£116.39 –
"MSI B850 MLG EDITION AM5 AMD B850 ATX B850 SATA 6Gb/s 5G Network Wi-Fi7 DDR5 Motherboard",Motherboard,£245.99 –
"Crucial Pro 128GB (2 x 64GB) DDR5 5600 (PC5 44800) Desktop Memory Model CP2K64G56C46U5",RAM,£1,424.39 –
"MSI MAG X870E TOMAHAWK MAX WIFI PZ AM5 AMD X870E Back Connect Motherboard, SATA 6Gb/s M.2 DDR5 Wi-Fi 7 5G LAN ATX Motherboards",Motherboard,£303.59 –
"GIGABYTE AERO GeForce RTX 5080 16GB GDDR7 PCI Express 5.0 Graphics Card GV-N5080AERO OC-16GD",GPU,£1,485.59 –
"MSI PRO B550M PRO-VDH WIFI AM4 AMD B550 USB 3.0 Micro ATX AMD Motherboard",Motherboard,£97.19 –
"Team T-FORCE VULCAN Z 32GB (2 x 16GB) 288-Pin PC RAM DDR4 3600 (PC4 28800) Desktop Memory Model TLZGD432G3600HC18JDC01",RAM,£250.79 –
"CORSAIR Vengeance RGB 32GB (2 x 16GB) 288-Pin PC RAM DDR5 6000 (PC5 48000) Desktop Memory Model CMK32GX5M2B6000Z38",RAM,£394.79 –
"G.SKILL Aegis 32GB (2 x 16GB) 288-Pin PC RAM DDR4 2666 (PC4 21300) Desktop Memory Model F4-2666C19D-32GIS",RAM,£266.39 –
"GIGABYTE Z790 AORUS ELITE AX LGA 1700 Intel Z790 ATX Motherboard with DDR5, Quad M.2, PCIe 5.0, USB 3.2 Gen2X2 Type-C, Intel WiFi 6E, 2.5GbE LAN, Q-Flash Plus, PCIe EZ-Latch",Motherboard,£183.59 –
"ZOTAC Solid OC GeForce RTX 5070 12GB 192-Bit GDDR7 PCI Express 5.0 DLSS 4.0 Graphics Card ZOTAC GAMING ZT-B50700J-10P",GPU,£627.59 –
"ASRock B850 STEEL LEGEND WIFI AM5 AMD B850 ATX Motherboard",Motherboard,£172.79 –
"CORSAIR Vengeance RGB 16GB (2 x 8GB) 288-Pin PC RAM DDR5 5600 (PC5 44800) Desktop Memory Model CMH16GX5M2B5600Z40",RAM,£255.59 –
"Intel Core i9-14900KF - Core i9 14th Gen 24-Core (8P+16E) LGA 1700 125W None Integrated Graphics Processor - Boxed - BX8071514900KF",CPU,£442.79 –
"G.SKILL Flare X5 256GB (4 x 64GB) 288-Pin PC RAM DDR5 6000 (PC5 48000) Desktop Memory Model F5-6000J3644D64GX4-FX5",RAM,£4,775.99 –
"MSI MAG B760 TOMAHAWK WIFI LGA 1700 (Intel12th&13th Gen) SATA 6Gb/s ATX Motherboard (PCIe 5.0, DDR5,3xM.2 Slots,,WiFi 6,Intel 2.5Gb LAN)",Motherboard,£124.79 –
"GIGABYTE Z890 AORUS MASTER Ultra Core (Series 2) LGA 1851, ATX, DDR5, 5x M.2, PCIe 5.0, Thunderbolt 4, WIFI7, 10GbE LAN, EZ-Latch",RAM,£285.59 –
"ASRock Z790 TAICHI CARRARA LGA1700 (14th,13th,12th Gen) EATX Mainboard, 4 slots DDR5, 2 PCIE 5.0 x16, 5 M.2 slots, 2.5Gb Lan, WIFI 6E, 5.1 audio ALC4082, 2 USB4 Thunderbolt Type-C, 24+1+2 Power Phase",RAM,£286.79 –
"ASRock B650 Pro RS WiFi AM5 AMD B650 ATX Motherboard",Motherboard,£135.59 –
"G.SKILL Trident Z5 Neo RGB Series 96GB (2 x 48GB) 288-Pin PC RAM DDR5 5600 (PC5 44800) Desktop Memory Model F5-5600J4040D48GX2-TZ5NR",RAM,£1,080.00 –
"MSI PRO Z790-P WIFI LGA 1700 Intel Z790 SATA 6Gb/s DDR5 ATX Motherboard",Motherboard,£189.59 –
"MSI PRO B650M-P AM5 Ryzen 7000 DDR5 SATA 6G 2x M.2 2.5G LAN 7.1 Audio mATX Motherboard",Motherboard,£144.00 –
"G.SKILL Flare X5 8GB 288-Pin PC RAM DDR5 6000 (PC5 48000) Desktop Memory Model F5-6000J3038F8GH1-FX5",RAM,£116.39 –
"GIGABYTE B550M K AM4 AMD B550 Micro-ATX Motherboard with Dual M.2, SATA 6Gb/s, USB 3.2 Gen 1, Realtek GbE LAN, PCIe 4.0",Motherboard,£68.39 –
"AMD Ryzen 3 4100 - Ryzen 3 4000 Series Renoir (Zen 2) Quad-Core 3.8 GHz Socket AM4 65W None Integrated Graphics Desktop CPU Processor - 100-100000510BOX",CPU,£67.19 –
"GIGABYTE B550 EAGLE WIFI6 Motherboard, Supports AMD AM4 Ryzen 5000 Processors, ATX, DDR4, 2x M.2, PCIe 4.0, WIFI6, 1GbE LAN, EZ-Latch",CPU,£97.19 –
"MSI GeForce GT 1030 4GB GDDR4 PCI Express 3.0 x16 (uses x4) ATX Graphics Card GT 1030 4GD4 LP OC",GPU,£115.19 –
"Patriot Viper 3 8GB 240-Pin PC RAM DDR3 1600 (PC3 12800) Desktop Memory Model PV38G160C0",RAM,£38.39 –
"CORSAIR Vengeance RGB 32GB (2 x 16GB) 288-Pin PC RAM DDR5 7000 (PC5 56000) Desktop Memory Model CMH32GX5M2X7000C36",RAM,£539.99 –
"MSI MPG B850 EDGE TI WIFI AM5 AMD B850 SATA 6Gb/s 5G Network Wi-Fi 7 DDR5 Audio Boost 5 Motherboard",Motherboard,£287.99 –
"Kingston FURY Beast 64GB (2 x 32GB) 288-Pin PC RAM DDR5 6400 (PC5 51200) Memory (Desktop Memory) Model KF564C32BBEK2-64",RAM,£1,287.59 –
"MSI SHADOW GeForce RTX 5060 Ti 8GB GDDR7 PCI Express 5.0 Graphics Card RTX 5060 Ti 8G SHADOW 2X OC PLUS",GPU,£394.79 –
"ASRock B650M PG RIPTIDE WIFI AM5 Micro-ATX Motherboard, 4 slots DDR5, 2x PCIe 4.0 x16 Slot,  Dual M.2 slots, 2.5Gb Lan, WI-FI AX,  7.1 Nahimic Audio ,  Rear  USB3.2 Gen2X2 Type_C ,  12+2+1 Power Phase",Motherboard,£142.79 –
"Team T-Force Vulcan 16GB (2 x 8GB) 288-Pin PC RAM DDR5 5200 (PC5 41600) Desktop Memory Model FLBD516G5200HC40CDC01",RAM,£221.99 –
"AMD Ryzen Threadripper PRO 7995WX 350W SP6 - Zen 4 - 96-Core/192-Threads (100-100000884WOF)",Unknown,£9,352.79 –
"ASRock Phantom Gaming X870 Nova WiFi AM5 AMD X870 ATX Motherboard",Motherboard,£226.79 –
"Silicon Power 16GB (2 x 8GB) DDR4 3200 (PC4 25600) 288-Pin XPOWER Turbine DDR4 SDRAM Desktop Memory Model SP016GXLZU320BDA",RAM,£137.99 –
"G.SKILL Trident Z5 RGB Series 32GB (2 x 16GB) 288-Pin PC RAM DDR5-8000 (PC5-64000) desktop memory Model F5-8000J3848H16GX2-TZ5RS",RAM,£572.39 –
"Team Xtreem 32GB (2 x 16GB) 288-Pin PC RAM DDR5 7200 (PC5 57600) Desktop Memory Model FFPD532G7200HC34ADC01",RAM,£515.99 –
"GIGABYTE X870E AORUS ELITE X3D ICE AM5 AMD X870E ATX Motherboard",Motherboard,£351.59 –
"Intel Core Ultra 7 265KF - Core Ultra 7 (Series 2) Arrow Lake 20-Core (8P+12E),  LGA 1851, 125W Desktop Processor - BX80768265KF",CPU,£268.79 –
"G.SKILL Flare X5 Series AMD EXPO 32GB (2 x 16GB) 288-Pin PC RAM DDR5 6000 Desktop Memory Model F5-6000J3636F16GX2-FX5",RAM,£433.19 –
"G.SKILL Ripjaws V Series 32GB (2 x 16GB) 288-Pin PC RAM DDR4 3200 (PC4 25600) Desktop Memory Model F4-3200C16D-32GVK",RAM,£279.59 –
"GIGABYTE AERO GeForce RTX 5070 12GB GDDR7 PCI Express 5.0 ATX Graphics Card GV-N5070AERO OC-12GD",GPU,£653.99 –
"MSI MAG Z890 TOMAHAWK WIFI LGA 1851 Intel Z890 ATX Motherboard",Motherboard,£241.19 –
"ASUS ROG STRIX B850-F GAMING WIFI AMD AM5 B850-F ATX motherboard 16+2+2 power stages, AI PC, DDR5 AEMP, WiFi 7, 4x M.2, PCIe 5.0, total support of 19 USB, 20Gbps Type-C, AI Networking II, Aura Sync",Motherboard,£269.99 –
"GIGABYTE X870E AORUS PRO AM5 LGA 1718, ATX, DDR5, 4x M.2, PCIe 5.0, USB4, Wi-Fi 7, 2.5GbE LAN, EZ-Latch, 5-Year Warranty",RAM,£284.39 –
"AMD Ryzen 9 9900X - Ryzen 9 9000 Series Granite Ridge (Zen 5) 12-Core 4.4 GHz - Socket AM5 120W - Radeon Graphics Processor - 100-100000662WOF",CPU,£359.99 –
"CORSAIR Vengeance 32GB (2 x 16GB) 288-Pin PC RAM DDR5 6000 (PC5 48000) Desktop Memory Model CMK32GX5M2B6000Z30",RAM,£515.99 –
"CORSAIR Vengeance RGB Pro SL 16GB (2 x 8GB) 288-Pin PC RAM DDR4 3200 (PC4 25600) Desktop Memory Model CMH16GX4M2E3200C16",RAM,£149.99 –
"GIGABYTE B850M GAMING X WIFI6E AMD AM5 LGA 1718 Motherboard, mATX, DDR5, 2x M.2, PCIe 5.0, USB-C, WIFI6E, 2.5GbE LAN, EZ-Latch, 5-Year Warranty",Motherboard,£143.99 –
"Crucial Pro Overclocking 32GB (2 x 16GB) DDR5 6400 (PC5 51200) Desktop Memory Model CP2K16G64C32U5B",RAM,£394.79 –
"ASUS Prime B550M-A WiFi II AMD AM4 (3rd Gen Ryzen) Micro ATX Motherboard (PCIe 4.0, WiFi 6, ECC Memory, 1Gb LAN, HDMI 2.1/D-Sub, 4K@60HZ, Addressable Gen 2 RGB Header and Aura Sync)",Motherboard,£95.99 –
"Team T-Force Delta RGB 32GB (2 x 16GB) 288-Pin PC RAM DDR4 3200 (PC4 25600) Desktop Memory Model TF3D432G3200HC16FDC01",RAM,£247.19 –
"CORSAIR Vengeance RGB 96GB (2 x 48GB) 288-Pin PC RAM DDR5 7200 (PC5 57600) Desktop Memory Model CMH96GX5M2N7200C40",RAM,£1,469.99 –
"GIGABYTE Z790 EAGLE AX LGA 1700 Intel Z790 ATX Motherboard with DDR5, M.2, PCIe 5.0, USB 3.2 Gen2X2 Type-C, Intel Wi-Fi 6E, 2.5GbE LAN, Q-Flash Plus, EZ-Latch",Motherboard,£152.39 –
"Intel Core i7-14700F - Core i7 14th Gen Raptor Lake 20-Core (8P+12E) LGA 1700 65W None Integrated Graphics Processor - BX8071514700F",CPU,£313.19 –
"CORSAIR Vengeance RGB 64GB (2 x 32GB) 288-Pin PC RAM DDR5 6000 (PC5 48000) Desktop Memory Model CMH64GX5M2N6000C30",RAM,£1,042.79 –
"GIGABYTE X870E AORUS PRO X3D AMD AM5 LGA 1718 ATX Motherboard, Supports AMD Ryzen 9000/8000/7000 Series Processors, DDR5, 18+2+2 Total Power Phase, 4x M.2, PCIe 5.0, USB4 Type-C, WIFI7, 5GbE, PCIe EZ-",CPU,£416.39 –
"ASUS Dual GeForce RTX 5060 8GB GDDR7 PCI Express 5.0 x8 ATX Graphics Card DUAL-RTX5060-O8G-WHITE",GPU,£365.99 –
"GIGABYTE B850 EAGLE WIFI7 ICE AMD AM5 LGA 1718 Motherboard, ATX, DDR5, 3x M.2, PCIe 5.0, USB-C, WIFI7, 2.5GbE LAN, EZ-Latch",Motherboard,£181.19 –
"Intel Core i7-14700KF - Core i7 14th Gen 20-Core (8P+12E) LGA 1700 125W None Integrated Graphics Desktop Processor - Boxed - BX8071514700KF",CPU,£332.39 –
"Crucial 16GB 262-Pin DDR5 SO-DIMM DDR5 5600 Laptop Memory Model CT16G56C46S5",RAM,£229.19 –
"G.SKILL Ripjaws S5 Series 32GB (2 x 16GB) 288-Pin PC RAM DDR5 6000 (PC5 48000) Desktop Memory Model F5-6000J3040F16GX2-RS5W",RAM,£464.39 –
"MSI B850 GAMING PLUS WIFI PZ AM5 AMD B850 ATX Back-Connect motherboard, 12+2+1 DRPS, DDR5, PCIe 5.0, Lighting Gen 5 x4 M.2, Wi-Fi 7, 5Gb LAN, USB 10Gbps Type-C",Motherboard,£239.99 –
"ASRock B850I Lightning WiFi AM5 AMD B850 Mini ITX Motherboard",Motherboard,£172.79 –
"Kingston FURY Beast 64GB (2 x 32GB) 288-Pin PC RAM DDR5 6000 (PC5 48000) Memory (Desktop Memory) Model KF560C30BBEAK2-64",RAM,£1,279.19 –
"CORSAIR Vengeance RGB 32GB (2 x 16GB) 288-Pin PC RAM DDR5 6000 (PC5 48000) Custom Lab Cherry Blossom Desktop Memory Model CMH32GX5M2B6000Z30CB - Gray",RAM,£525.59 –
"Intel Core i5-12500 - Core i5 12th Gen Alder Lake 6-Core 3.0 GHz LGA 1700 65W Intel UHD Graphics 770 Desktop Processor - BX8071512500",CPU,£197.99 –
"Crucial 32GB 262-Pin DDR5 SO-DIMM DDR5 4800 (PC4 38400) Laptop Memory Model CT32G48C40S5",RAM,£289.19 –
"G.SKILL Flare X5 64GB (2 x 32GB) 288-Pin PC RAM DDR5 5600 (PC5 44800) Desktop Memory Model F5-5600J3636D32GX2-FX5",RAM,£832.79 –
"GIGABYTE AERO GeForce RTX 5060 8GB GDDR7 PCI Express 5.0 Graphics Card GV-N5060AERO OC-8GD",GPU,£407.99 –
"Crucial Pro Overclocking 32GB (2 x 16GB) DDR5 6400 (PC5 51200) Desktop Memory Model CP2K16G64C38U5W",RAM,£391.19 –
"Intel Core i3-14100F - Core i3 14th Gen Raptor Lake 4-Core (4P+0E) LGA 1700 58W None Integrated Graphics Processor - BX8071514100F",CPU,£95.99 –
"CORSAIR Vengeance 64GB (2 x 32GB) DDR5 6000 (PC5 48000) Desktop Memory Model CMK64GX5M2B6000Z30",RAM,£1,022.39 –
"MSI PRO B850-P WIFI AM5 AMD B850 SATA 6Gb/s 5G Network Wifi 7 DDR5 ATX Motherboard",Motherboard,£200.39 –
"GIGABYTE B850I AORUS PRO AMD AM5 LGA 1718 Motherboard, Mini-ITX, DDR5, 2x M.2, PCIe 5.0, USB-C, WIFI7, 2.5GbE LAN, EZ-Latch, 5-Year Warranty",Motherboard,£250.79 –
"GIGABYTE B550M AORUS ELITE AX (rev 1.3) AM4 AMD B550 Micro-ATX Motherboard with Single M.2, SATA 6Gb/s, USB 3.2 Gen 1, Realtek GbE LAN, PCIe 4.0",Motherboard,£116.39 –
"AMD Ryzen Threadripper 9970X - Ryzen Threadripper 9000 Series 32-Core 4.0 GHz Socket sTR5 350W None Integrated Graphics Processor - 100-000001594WOF",CPU,£2,257.19 –
"ASRock B850M-X WiFi R2.0 AM5 AMD B850 SATA 6Gb/s USB 3.2 Dual Graphics Outputs RGB Micro ATX Motherboards-AMD",Motherboard,£124.79 –
"ASRock B650I LIGHTNING WIFI AM5 Ryzen 7000 AMD B650 SATA 6Gb/s Mini-ITX s DDR5 7200+ (OC) 2.5G LAN x WiFi 6E + Bluetooth Motherboards - AMD",Motherboard,£161.99 –
"ASUS Dual GeForce RTX 5050 8GB GDDR6 PCI Express 5.0 x8 ATX Graphics Card DUAL-RTX5050-8G",GPU,£247.19 –
"ASUS Pro WS TRX50-SAGE WIFI CEB Workstation motherboard, AMD Ryzen™ Threadripper™ PRO 7000 WX-Series Processors,ECC R-DIMM DDR5, 36 power-stage, WiFi 7,PCIe 5.0 x 16, PCIe 5.0 M.2, 10 Gb and 2.5 Gb LA",CPU,£885.59 –
"CORSAIR Vengeance RGB 16GB (2 x 8GB) 288-Pin PC RAM DDR5 6000 (PC5 48000) Desktop Memory Model CMH16GX5M2E6000Z36WGWL - Gigabyte Wood",RAM,£259.19 –
"ASRock B760M PRO RS WiFi LGA 1700 Intel B760 Micro ATX Motherboard",Motherboard,£124.79 –
"GIGABYTE B850M AORUS ELITE WIFI6E ICE AMD AM5 LGA 1718 Motherboard, mATX, DDR5, 2x M.2, PCIe 5.0, USB-C, WIFI6E, 2.5GbE LAN, EZ-Latch, 5-Year Warranty",Motherboard,£171.59 –
"ASRock Z890 Taichi LGA 1851 Intel Z890 ATX Motherboard",Motherboard,£311.99 –
"CORSAIR Vengeance RGB 32GB (2 x 16GB) 288-Pin PC RAM DDR5 6000 (PC5 48000) Desktop Memory Model CMH32GX5M2E6000Z36WGWL - Gigabyte Wood",RAM,£461.99 –
"GIGABYTE B650 EAGLE AX AM5 LGA 1718 AMD B650 ATX , DDR5 Triple M.2, PCIe 5.0, USB 3.2 Gen2x2 Type-C, AMD Wi-Fi 6E, Realtek GbE LAN",RAM,£135.59 –
"Patriot Viper Venom RGB 32GB (2 x 16GB) 288-Pin PC RAM DDR5 5600 (PC5 44800) Desktop Memory Model PVVR532G560C36K",RAM,£362.39 –
"ASUS Prime B650M-A AX II AMD B650(Ryzen 7000) Micro-ATX motherboard(DDR5 6400+(OC) , PCIe 5.0 M.2 support, 2.5Gb Ethernet, Wi-Fi 6, DisplayPort, HDMI,USB 3.2 Gen 2 ports, front USB 3.2 Gen 1 Type-C",Motherboard,£163.19 –
"GIGABYTE Z890 EAGLE WIFI7 Ultra Core (Series 2) LGA 1851, ATX, DDR5, 4x M.2, PCIe 5.0, USB4, WIFI7, 2.5GbE LAN, EZ-Latch",RAM,£190.79 –
"G.SKILL Ripjaws Series 16GB (2 x 8GB) 204-Pin DDR3 SO-DIMM DDR3L 1600 (PC3L 12800) Laptop Memory Model F3-1600C9D-16GRSL",RAM,£81.59 –
"Team T-Force Delta RGB 32GB (2 x 16GB) DDR5 5200 (PC5 41600) Desktop Memory Model FF3D532G5200HC40CDC01",RAM,£425.99 –
"ASRock N100M - Intel® Quad-Core Processor N100 (Up to 3.4 GHz) - Supports Intel® Turbo Boost Technology SATA 6Gb/s Micro ATX (280) Motherboards - Intel",CPU,£116.39 –
"MSI PRO H610M-G DDR4 LGA 1700 Intel H610 SATA 6Gb/s Micro ATX Intel Motherboard",Motherboard,£109.19 –
"G.SKILL Flare X5 64GB (2 x 32GB) 288-Pin PC RAM DDR5 6000 (PC5 48000) Desktop Memory Model F5-6000J3636F32GX2-FX5",RAM,£857.99 –
"MSI X870 GAMING PLUS WIFI AM5 AMD X870 ATX Motherboard",Motherboard,£196.79 –
"GIGABYTE Z890M AORUS ELITE WIFI7 ICE Ultra Core (Series 2) LGA 1851, ATX, DDR5, 3x M.2, PCIe 5.0, Thunderbolt 4, WIFI7, 2.5GbE LAN, EZ-Latch",RAM,£191.99 –
"CORSAIR Vengeance LPX 16GB (2 x 8GB) 288-Pin PC RAM DDR4 3200 (PC4 25600) Desktop Memory Model CMK16GX4M2B3200C16",RAM,£154.79 –
"GIGABYTE Z890 AORUS PRO ICE Ultra Core (Series 2) LGA 1851, ATX, DDR5, 5x M.2, PCIe 5.0, Thunderbolt 4, WIFI7, 5GbE LAN, EZ-Latch",RAM,£255.59 –
"ASRock N100DC-ITX - Intel Quad-Core Processor N100 (Up to 3.4 GHz) DDR4- 2 SATA3, Supports Intel Turbo Boost Technology Mini ITX (280) Motherboards - Intel",CPU,£124.79 –
"Patriot Viper Venom RGB 32GB (2 x 16GB) 288-Pin PC RAM DDR5 6000 (PC5 48000) Desktop Memory Model PVVR532G600C36K Compatible with AMD / Intel Gen14 Only",RAM,£369.59 –
"MSI GeForce GT 710 2GB DDR3 PCI Express 2.0 Low Profile Graphics Card GT 710 2GD3 LP",GPU,£73.19 –
"PNY ARGB OC GeForce RTX 5070 12GB 192-Bit GDDR7 PCI Express 5.0 DLSS 4.0 Graphics Card VCG507012TFXXPB1-O",GPU,£662.39 –
"MSI PRO PRO H610M-G WIFI DDR4 LGA 1700 Intel H610 Micro ATX Motherboard",Motherboard,£97.19 –
"Patriot Viper Steel 16GB 288-Pin PC RAM DDR4 3200 (PC4 25600) Desktop Memory Model PVS416G320C6",RAM,£142.79 –
"MSI A520M-A PRO AM4 AMD A520 USB 3.0 Micro ATX AMD Motherboard",Motherboard,£67.19 –
"G.SKILL Trident Z5 RGB Series 96GB (2 x 48GB) 288-Pin PC RAM DDR5 5600 (PC5 44800) Desktop Memory Model F5-5600J4040D48GX2-TZ5RK",RAM,£1,095.59 –
"ASRock A620AI WiFi AM5 AMD A620A Mini ITX Motherboard",Motherboard,£124.79 –
"ASUS PRIME Radeon RX 907016GB 256-Bit GDDR6 PCI Express 5.0 RDNA 4  Graphics Card PRIME-RX9070-O16G",GPU,£763.19 –
"Intel Xeon w9-3575X Tetratetraconta-core (44 Core) 2.20 GHz Processor -97.50 MB L3 Cache - 64-bit Processing - 4.80 GHz Overclocking Speed - Socket LGA-4677 - Intel vPro Technology - BX807133575X",CPU,£3,877.19 –
"AMD EPYC 5th Gen 9005 Series (Twenty-Four Core) 24 Core - Model 9255 AMD - EPYC - Processor / Number: 9255 - Processor / Clock Speed: 3.25 - Total Threads: 48 - Socket SP5 - L3 Cache - 128MB Memory - OEM",CPU,£1,826.39 –
"Team Xtreem ARGB 32GB (2 x 16GB) 288-Pin PC RAM DDR5 7200 (PC5 57600) Desktop Memory Model FF9D532G7200HC34ADC01",RAM,£535.19 –
"GIGABYTE AORUS X870 TACHYON ICE AM5 Extended ATX AMD X870 Motherboard",Motherboard,£562.79 –
"ASRock B850M Challenger AM5 AMD B850 Micro ATX Motherboard",Motherboard,£115.19 –
"G.SKILL Ripjaws M5 Neo RGB Series 32GB (2 x 16GB) 288-Pin PC RAM DDR5 6000 (PC5 48000) Desktop Memory",RAM,£443.99 –
"AMD Ryzen Threadripper 7980X 350W SP6 - Zen 4 64-Core/128-Threads (100-100001350WOF)",Unknown,£4,232.39 –
"G.SKILL Trident Z5 RGB Series 64GB (2 x 32GB) 288-Pin PC RAM DDR5 6400 (PC5 51200) Desktop Memory Model F5-6400J3239G32GX2-TZ5RK",RAM,£903.59 –
"Patriot Viper Venom 64GB (2 x 32GB) 288-Pin PC RAM DDR5 6000 (PC5 48000) Desktop Memory Model PVV564G600C36K",RAM,£721.19 –
"CORSAIR Vengeance 16GB (2 x 8GB) 288-Pin PC RAM DDR5 5200 (PC5 41600) Desktop memory Model CMK16GX5M2B5200Z40",RAM,£238.79 –
"ASUS ROG STRIX B850-I GAMING WIFI AMD AM5 B850 Mini-ITX mITX motherboard 10+2+1 stages, DDR5 , 2.5G LAN, WiFi 7, 2x M.2, PCIe 5.0 x16, USB 20Gbps Type-C, AI Overclocking, AI Networking II, Aura Sync",Motherboard,£285.59 –
"G.SKILL Trident Z5 Neo RGB Series 64GB (2 x 32GB) 288-Pin PC RAM DDR5 6000 (PC5 48000) Desktop Memory Model F5-6000J2836G32GX2-TZ5NR",RAM,£926.39 –
"CORSAIR Vengeance RGB 32GB (2 x 16GB) 288-Pin PC RAM DDR5 6400 (PC5 51200) Desktop Memory Model CMH32GX5M2N6400C36W",RAM,£418.79 –
"G.SKILL Flare X Series 64GB (2 x 32GB) 288-Pin PC RAM DDR5 6000 (PC5 48000) Desktop Memory Model F5-6000J3040G32GX2-FX5",RAM,£845.99 –
"GIGABYTE X870E AORUS PRO X3D ICE AM5 AMD X870E ATX Motherboard",Motherboard,£413.99 –
"CORSAIR Vengeance 128GB (2 x 64GB) 288-Pin PC RAM DDR5 6400 (PC5 51200) Desktop Memory Model CMK128GX5M2B6400C42",RAM,£1,537.19 –
"G.SKILL Trident Z5 Neo RGB Series 64GB (2 x 32GB) 288-Pin PC RAM DDR5 6000 (PC5 48000) Desktop Memory Model F5-6000J3040G32GX2-TZ5NR",RAM,£901.19 –
"MSI MPG Z890 CARBON WIFI LGA 1851 Intel Z890 ATX Motherboard",Motherboard,£361.19 –
"CORSAIR Vengeance RGB 64GB (2 x 32GB) 288-Pin PC RAM DDR5 6400 (PC5 51200) Desktop Memory Model CMH64GX5M2N6400C32",RAM,£1,078.79 –
"CORSAIR Vengeance 32GB (2 x 16GB) 288-Pin PC RAM DDR5 6000 (PC5 48000) Desktop Memory Model CMK32GX5M2F6000Z36",RAM,£411.59 –
"CORSAIR Vengeance 32GB (2 x 16GB) 288-Pin PC RAM DDR5 6400 (PC5 51200) Desktop Memory Model CMK32GX5M2B6400C36",RAM,£401.99 –
"G.SKILL Trident Z5 Royal Series 32GB (2 x 16GB) 288-Pin PC RAM DDR5 6400 (PC5 51200) Desktop Memory Model F5-6400J3239G16GX2-TR5S",RAM,£517.19 –
"CORSAIR Vengeance RGB 96GB (2 x 48GB) 288-Pin PC RAM DDR5 6000 (PC5 48000) Desktop Memory Model CMH96GX5M2B6000Z30",RAM,£1,448.39 –
"Patriot Memory Viper Venom 64GB (2 x 32GB) 288-Pin PC RAM DDR5 6400 (PC5 51200) Desktop Memory Model PVV564G640C32K",RAM,£769.19 –
"GIGABYTE X870E AORUS ELITE X3D AM5 AMD X870E ATX Motherboard",Motherboard,£333.59 –
"Patriot Viper Venom 64GB (2 x 32GB) 288-Pin PC RAM DDR5 6000 (PC5 48000) Desktop Memory Model PVV564G600C30K",RAM,£763.19 –
"Team Group T-CREATE EXPERT 32GB (2 x 16GB) 288-Pin PC RAM DDR5 6000 (PC5 48000) Desktop Memory Model CTCWD532G6000HC30DC01",RAM,£459.59 –
"ASUS Dual GeForce RTX 5060 8GB GDDR7 PCI Express 5.0 x8 ATX Graphics Card DUAL-RTX5060-O8G",GPU,£352.80 –
"Crucial Pro 96GB (2 x 48GB) DDR5 5600 (PC5 44800) XMP 3.0 & AMD EXPO Ready Desktop Memory Model CP2K48G56C46U5",RAM,£787.19 –
"NVIDIA RTX PRO 2000 Blackwell Graphic Card - 16 GB GDDR7 ECC - PCIe 5.0 x8 - Active - 1x Slot - 70 W - ATX - 900-5G195-2250-000 Graphics Card - OEM",GPU,£721.19 –
"G.SKILL Trident Z5 Neo RGB Series 32GB (2 x 16GB) 288-Pin PC RAM DDR5 6400 (PC5 51200) Desktop Memory Model F5-6400J3239G16GX2-TZ5NR",RAM,£497.99 –
"G.SKILL Trident Z5 RGB Series 32GB (2 x 16GB) 288-Pin PC RAM DDR5 6400 Desktop Memory Model F5-6400J3239G16GX2-TZ5RS",RAM,£478.79 –
"CORSAIR Vengeance RGB 32GB (2 x 16GB) 288-Pin PC RAM DDR5 6000 (PC5 48000) Desktop Memory Model CMH32GX5M2B6000Z28",RAM,£561.59 –
"Crucial 32GB LPCAMM2 - 644pin LPDDR5X- 7500 Memory For Notebook - DDR5-7500/PC5-60000 LPDDR5X Model CT32G75C2LP5X",RAM,£285.59 –
"G.SKILL Trident Z5 RGB Series 32GB (2 x 16GB) 288-Pin PC RAM DDR5-8000 (PC5-64000) desktop memory Model F5-8000J3848H16GX2-TZ5RK",RAM,£572.39 –
"Intel Core i9-12900K - Core i9 12th Gen Alder Lake 16-Core (8P+8E) 3.2 GHz LGA 1700 125W Intel UHD Graphics 770 Desktop Processor - BX8071512900K",CPU,£374.39 –
"ASRock B850 PRO RS WIFI AM5 AMD B850 ATX Motherboard",Motherboard,£153.59 –
"CORSAIR Vengeance 96GB (2 x 48GB) 288-Pin PC RAM DDR5 6000 (PC5 48000) Desktop Memory Model CMK96GX5M2E6000Z36",RAM,£1,126.79 –
"GIGABYTE Z890 AORUS MASTER AI TOP Intel Core Ultra (Series 2) LGA 1851 Motherboard, E-ATX, DDR5, 4x M.2, PCIe 5.0, Thunderbolt 4, WIFI7, 10GbE LAN, EZ-Latch",Motherboard,£529.19 –
"CORSAIR Vengeance 64GB (2 x 32GB) 288-Pin PC RAM DDR5 6400 (PC5 51200) Desktop Memory Model CMK64GX5M2B6400C42",RAM,£793.19 –
"GIGABYTE X870 AORUS STEALTH AMD AM5 ATX Motherboard, Supports AMD Ryzen 9000/8000/7000 Series, DDR5, 16+2+2 Power Phase, 4x M.2, PCIe 5.0, USB4, WIFI7, 5 GbE, PCIe EZ-Latch Plus, 5-Year Warranty",Motherboard,£287.99 –
"Patriot Viper Venom RGB 32GB (2 x 16GB) 288-Pin PC RAM DDR5 6400 (PC5 51200) Desktop Memory Model PVV532G640C32K Compatible with AMD / Intel Gen14 Only",RAM,£379.19 –
"G.SKILL Trident Z Neo (For AMD Ryzen) Series 32GB (2 x 16GB) 288-Pin RGB PC RAM DDR4 3600 (PC4 28800) Desktop Memory Model F4-3600C16D-32GTZNC",RAM,£308.39 –
"Team T-Force Delta RGB 32GB (2 x 16GB) 288-Pin PC RAM DDR5 6400 (PC5 51200) Desktop Memory Model FF3D532G6400HC32ADC01",RAM,£539.99 –
"Team T-FORCE VULCAN Z 16GB (2 x 8GB) 288-Pin PC RAM DDR4 3200 (PC4 25600) Desktop Memory Model TLZGD416G3200HC16CDC01",RAM,£133.19 –
"PowerColor Hellhound Radeon RX 9070 XT 16GB GDDR6 PCI Express 5.0 x16 Graphics CARD Hellhound Spectral White AMD Radeon RX 9070 XT 16GB GDDR6",GPU,£815.99 –
"CORSAIR Vengeance RGB 32GB (2 x 16GB) 288-Pin PC RAM DDR5 6200 (PC5 49600) Desktop Memory Model CMH32GX5M2B6200C36W",RAM,£525.59 –
"XFX Swift AMD Radeon RX 9070 OC RDNA 4 16GB 256-Bit GDDR6 PCI-Express 5.0 Triple Fan Graphics Card RX-97SWFB3B9",GPU,£734.39 –
"Intel Core i5-12600KF - Core i5 12th Gen Alder Lake 10-Core (6P+4E) 3.7 GHz LGA 1700 125W Desktop Processor - BX8071512600KF",CPU,£161.99 –
"Crucial Pro 64GB (2 x 32GB) DDR5 5600 (PC5 44800) XMP 3.0 & AMD EXPO Ready Desktop Memory Model CP2K32G56C46U5",RAM,£668.39 –
"PowerColor Hellhound Radeon RX 9070 XT 16GB GDDR6 PCI Express 5.0 x16 ATX Graphics Card RX9070XT 16G-L/OC/REVA",GPU,£814.79 –
"GIGABYTE Eagle GeForce RTX 5070 12GB GDDR7 PCI Express 5.0 ATX Graphics Card GV-N5070EAGLE OC-12GD",GPU,£634.79 –
"Team T-FORCE VULCAN Z 16GB (2 x 8GB) 288-Pin PC RAM DDR4 3600 (PC4 28800) Desktop Memory Model TLZGD416G3600HC18JDC01",RAM,£135.59 –
"MSI Ventus GeForce RTX 3050 6GB GDDR6 PCI Express 4.0 x8 ATX Graphics Card RTX 3050 VENTUS 2X 6G OC",GPU,£212.39 –
"ASUS ROG STRIX X870-I GAMING WIFI AMD AM5 X870 Mini ITX mITX motherboard 10+2+1 power stages, Dynamic OC Switcher, Core Flex, DDR5 AEMP, WiFi 7, 2x M.2, PCIe® 5.0, Q-Release Slim, USB4®, AI OCing & Ne",Motherboard,£440.39 –
"CORSAIR Vengeance 32GB 262-Pin DDR5 SO-DIMM DDR5 4800 (PC4 38400) Laptop Memory Model CMSX32GX5M1A4800C40",RAM,£383.99 –
"XFX Swift AMD Radeon RX 9070 OC Triple 90mm Fan Gaming Edition RX-97SWFT3B7",Unknown,£668.39 –
"CORSAIR Vengeance RGB 16GB (2 x 8GB) 288-Pin PC RAM DDR5 6000 (PC5 48000) Desktop Memory Model CMH16GX5M2E6000Z36",RAM,£260.39 –
"AMD Ryzen Threadripper PRO 9995WX - Ryzen Threadripper PRO 96-Core 2.5 GHz Socket sTR5 350W None Integrated Graphics Processor - 100-100001361WOF",CPU,£11,031.59 –
"Team T-Force Delta RGB 32GB (2 x 16GB) 288-Pin PC RAM DDR5 6000 (PC5 48000) Desktop Memory Model FF3D532G6000HC38ADC01",RAM,£461.99 –
"CORSAIR Vengeance RGB 16GB (2 x 8GB) 288-Pin PC RAM DDR5 5200 (PC5 41600) Desktop Memory Model CMH16GX5M2B5200Z40",RAM,£243.59 –
"ASRock Z890 Pro RS LGA 1851 Intel Z890 ATX Motherboard",Motherboard,£160.79 –
"MSI PRO B850M-P WIFI AM5 AMD B850 support PCIe 5.0 SATA 6Gb/s Displayport1.4 HDMI Wi-Fi 7 5G LAN, Bluetooth 5.4,Micro ATX ,AMD Motherboards",Motherboard,£154.79 –
"G.SKILL Trident Z5 RGB Series 32GB (2 x 16GB) 288-Pin PC RAM DDR5 6000 (PC5 48000) Desktop Memory Model F5-6000J3636F16GX2-TZ5RW",RAM,£461.99 –
"G.SKILL Ripjaws V Series 32GB (2 x 16GB) 288-Pin PC RAM DDR4 3600 (PC4 28800) Desktop Memory Model F4-3600C16D-32GVKC",RAM,£308.39 –
"Team Group Vulcan alpha 32GB (2 x 16GB) 288-Pin PC RAM DDR5 6000 (PC5 48000) Desktop Memory Model FLARD532G6000HC38ADC01",RAM,£440.39 –
"AMD B850 Rock WiFi 7 AM5 AMD B850 ATX Motherboards",Motherboard,£171.59 –
"Sapphire Radeon RX 7900 XT w/ Blower Fan 20GB GDDR6 HDMI / TRIPLE DP Graphics 11323-08-10G (Brown Box) - OEM",RAM,£663.59 –
"ASUS PRIME X870-P WIFI AMD AM5 X870 ATX motherboard 14+2+1 80A DrMOS power stages, DDR5, PCIe 5.0 , PCIe 5.0 x16, Q-Release, 4x M.2 , Wi-Fi 7, Q-Antenna, 2.5Gb LAN, USB4, USB Type-C, BIOS FlashBack",Motherboard,£230.39 –
"G.SKILL Trident Z5 Series 32GB (2 x 16GB) 288-Pin PC RAM DDR5 7600 (PC5 60800) Desktop memory Model F5-7600J3646G16GX2-TZ5K",RAM,£497.99 –
"Intel Core i9-14900KS - Core i9 14th Gen Raptor Lake 24-Core (8P+16E) Performance-core 3.2 GHz, Efficient-core 2.4 GHz LGA 1700 150W Intel UHD Graphics 770 Desktop CPU (Retail Box)",CPU,£658.79 –
"GIGABYTE X870 AORUS ELITE X3D AMD AM5 ATX Motherboard, Supports AMD Ryzen 9000/8000/7000 Series, DDR5, 16+2+2 Power Phase, 4x M.2, PCIe 5.0, USB4, WIFI7, 5 GbE, PCIe EZ-Latch Plus, 5-Year Warranty",Motherboard,£317.99 –
"GIGABYTE B850 AORUS STEALTH ICE AMD AM5 Motherboard, ATX, DDR5, 4x M.2, PCIe 5.0, USB-C, WIFI7, 5GbE LAN, EZ-Latch,",Motherboard,£251.99 –
"ASUS ROG Strix B650-A Gaming WiFi AMD B650 AM5 Ryzen™ Desktop 9000 8000 & 7000 ATX motherboard, 12 + 2 power stages, DDR5, 3x M.2 slot, PCIe® 4.0, 2.5G LAN, WiFi 6E, USB 3.2 Gen 2x2 Type-C®, Aura Sync",Motherboard,£149.99 –
"CORSAIR Vengeance 32GB (2 x 16GB) 288-Pin PC RAM DDR5 6000 (PC5 48000) Desktop Memory Model CMK32GX5M2B6000Z38",RAM,£385.19 –
"CORSAIR Vengeance RGB 32GB (2 x 16GB) 288-Pin PC RAM DDR5 6200 (PC5 49600) Desktop Memory Model CMH32GX5M2B6200C36",RAM,£525.59 –
"Crucial Pro Overclocking 64GB (2 x 32GB) DDR5 6400 (PC5 51200) Desktop Memory Model CP2K32G64C40U5W",RAM,£718.79 –
"MSI X870E GAMING PLUS WIFI AM5 AMD X870E SATA 6GB/S  5G LAN DDR5 M.2 Wi-Fi 7 ATX Motherboard",Motherboard,£227.99 –
"ASRock B850M PRO-A WIFI AM5 AMD B850 Micro ATX Motherboard",Motherboard,£134.39 –
"GIGABYTE TRX50 AERO D sTR5 AMD TRX50 EATX Motherboard - DDR5, PCIe 5.0 M.2, PCIe 5.0, USB4 Type-C, Wi-Fi 7, Marvell 10GbE",Motherboard,£595.19 –
"G.SKILL Ripjaws M5 RGB Series 32GB (2 x 16GB) 288-Pin PC RAM DDR5 6000 (PC5 48000) Desktop Memory",RAM,£443.99 –
"Kingston Fury Renegade 32GB (2 x 16GB) 288-Pin PC RAM DDR5 8000 (PC5 64000) Desktop Memory Model KF580C38RSAK2-32",RAM,£709.19 –
"MSI PRO B550-A PRO AM4 AMD B550 USB 3.0 ATX AMD Motherboard",Motherboard,£122.39 –
"MSI MAG B850 TOMAHAWK WIFI AM5 AMD B850 SATA 6Gb/s 5G Network Wi-Fi7 DDR5 Motherboard",Motherboard,£200.39 –
"AMD Ryzen Threadripper PRO 9975WX - Ryzen Threadripper PRO 9000 WX-Series Shimada Peak 32-Core 4.0 GHz Socket sTR5 350W None Integrated Graphics Processor - 100-100000723WOF",CPU,£3,749.99 –
"MSI B850 GAMING PLUS WIFI6E AM5 AMD B850 SATA 6Gb/s 5G Network Wi-Fi7 DDR5 Motherboard",Motherboard,£172.79 –
"AMD EPYC 4005 (5th Gen) 4345P Octa-core (8 Core) 32MB L3 Cache Socket AM5 65W Processor    100-100001556WOF",CPU,£334.79 –
"ASRock X870 PRO RS WiFi AM5 AMD X870 ATX Motherboard",Motherboard,£176.39 –
"G.SKILL Trident Z5 RGB Series 64GB (2 x 32GB) 288-Pin PC RAM DDR5 6000 (PC5 48000) Desktop Memory Model F5-6000J3040G32GX2-TZ5RS",RAM,£902.39 –
"Intel Core Ultra 7 265 - Core Ultra 7 (Series 2) Arrow Lake 20-Core (8P+12E) Performance-core Base Frequency: 2.4 GHz Efficient-core Base Frequency: 1.8 GHz LGA 1851 65W Intel Graphics Desktop CPU Pro",CPU,£315.59 –
"G.SKILL Trident Z5 RGB Series 64GB (2 x 32GB) 288-Pin PC RAM DDR5 6000 (PC5 48000) Desktop Memory Model F5-6000J3040G32GX2-TZ5RK",RAM,£902.39 –
"Patriot Viper Venom RGB 32GB 288-Pin PC RAM DDR5 5200 (PC5 41600) Desktop Memory Model PVVR532G52C36",RAM,£310.79 –
"Intel Core Ultra 5 225 - Core Ultra 5 (Series 2) Arrow Lake 10-Core (6P+4E) Performance-core Base Frequency: 3.3 GHz Efficient-core Base Frequency: 2.7 GHz LGA 1851 65W Intel Graphics Desktop CPU Proc",CPU,£178.79 –
"Kingston FURY Beast 64GB (2 x 32GB) 288-Pin PC RAM DDR4 3200 (PC4 25600) Desktop Memory Model KF432C16BB2AK2/64",RAM,£626.39 –
"G.SKILL Ripjaws M5 RGB Series 32GB (2 x 16GB) 288-Pin PC RAM DDR5 6000 (PC5 48000) Desktop Memory",RAM,£443.99 –
"G.SKILL Flare X5 16GB 288-Pin PC RAM DDR5 6000 (PC5 48000) Desktop Memory Model F5-6000J3636F16GX1-FX5",RAM,£231.59 –
"MSI PRO Z890-S WIFI WHITE INTEL Z890 LGA 1851 4x DDR5  4x PCI-E x16 slot  3x M.2, Wi-Fi 7 SATA 6G 2.5Gbps LAN ATX Motherboard",Motherboard,£161.99 –
"GIGABYTE B650 AORUS ELITE AX AM5 LGA 1718 AMD B650 ATX Motherboard DDR5, M.2, PCIe 5.0, USB 3.2 Gen2X2 Type-C, WiFi 6E, 2.5GbE LAN, Q-Flash Plus, EZ-Latch",Motherboard,£154.79 –
"G.SKILL Ripjaws Series 64GB (2 x 32GB) 260-Pin DDR4 SO-DIMM DDR4 2666 (PC4 21300) Laptop Memory Model F4-2666C19D-64GRS",RAM,£481.19 –
"AMD Ryzen Threadripper PRO 7975WX - Ryzen Threadripper 7000 Series Storm Peak (Zen 4) 32-Core 4.0 GHz - Socket sTR5 350W - None Integrated Graphics Processor - 100-100000453WOF",CPU,£3,893.99 –
"ASRock B860 LiveMixer WiFi LGA 1851 Intel B860 SATA 6Gb/s DDR5 Intel Core Ultra ATX  Motherboard",Motherboard,£134.39 –
"CORSAIR Vengeance 16GB (2 x 8GB) 288-Pin PC RAM DDR5 5200 (PC5 41600) Desktop Memory Model CMK16GX5M2B5200C40",RAM,£238.79 –
"GIGABYTE B550M DS3H AC R2 Supports AMD AM4 Ryzen 5000 G-Series, AMD Ryzen 5000 Series, AMD Ryzen 4000 G-Series, AMD Ryzen 3000 G-Series, and AMD Ryzen 3000 Series Processors, Micro-ATX, DDR4, Dual M.2",CPU,£91.19 –
"ASRock X299 EXTREME4 LGA 2066 Intel X299 USB 3.1 ATX Intel Motherboard",Motherboard,£153.59 –
"Intel Core i9-12900F - Core i9 12th Gen Alder Lake 16-Core (8P+8E) 2.4 GHz LGA 1700 Processor 60W Desktop Processor - BX8071512900F",CPU,£353.99 –
"MSI B760 GAMING PLUS WIFI LGA 1700 (280) DDR5 ATX Motherboards - Intel,  SATA 6Gbps, Wi-Fi 6E, Bluetooth 5.3,  7.1 HD Audio, PCIe 4.0 x16, 2.5G LAN",Motherboard,£142.79 –
"G.SKILL Trident Z5 Neo RGB Series 32GB (2 x 16GB) 288-Pin PC RAM DDR5 6400 (PC5 51200) Desktop Memory Model F5-6400J3239G16GX2-TZ5NRW",RAM,£497.99 –
"ASRock X870E Taichi OCF AM5 AMD X870E ATX Motherboard",Motherboard,£477.59 –
"CORSAIR Vengeance RGB 96GB (2 x 48GB) 288-Pin PC RAM DDR5 6400 (PC5 51200) Desktop Memory Model CMH96GX5M2B6400C32",RAM,£1,450.79 –
"ASRock B860 Pro RS LGA 1851 Intel B860 SATA 6Gb/s DDR5 Intel Core Ultra ATX Motherboard",Motherboard,£142.79 –
"GIGABYTE B650E EAGLE WIFI6E AMD AM5 LGA 1718 E-ATX Motherboard, Supports AMD Ryzen 9000/8000/7000 Series Processors, DDR5, 8+2+2 Total Power Phase, 3x M.2, PCIe 5.0, USB 3.2 Gen 1 Type-C, Wi-Fi 6E, 2.",CPU,£153.59 –
"ASRock B850M-X R2.0 AM5 Micro-ATX Motherboard: AMD Ryzen 9000/8000/7000 Ready | DDR5 8200+ OC | PCIe 5.0 M.2 | 2.5G LAN | USB 3.2 Type-C | HDMI/DP",Motherboard,£105.59 –
"MSI PRO Z890-S WIFI PZ LGA 1851 Intel Z890 243.84mmx304.8mm (280) Motherboards - Intel",Motherboard,£236.39 –
"ZOTAC AMP GeForce RTX 5060 Ti 8GB 128-Bit GDDR7 DLSS 4.0 PCI Express 5.0 x8 Graphics Card ZT-B50610F-10M",GPU,£422.39 –
"GIGABYTE B650M C V3 (rev. 1.0) AM5 LGA 1718 AMD B650 M-ATX Motherboard, DDR5, PCIe 4.0 M.2, PCIe 4.0, USB 3.2 Gen1 Type-C, 1GbE LAN, Q-Flash Plus, EZ-Latch",Motherboard,£151.19 –
"GIGABYTE H610I H610 Intel LGA 1700 Mini-ITX Motherboard with DDR5, Single M.2, PCIe 4.0, USB 3.2 Gen1, Intel GbE LAN Chip",Motherboard,£116.39 –
"Patriot Viper Elite 5 Ultra 48GB (2 x 24GB) 288-Pin PC RAM DDR5 6000 (PC5 48000) Desktop Memory Model VEU548G6028K",RAM,£538.79 –
"G.SKILL Ripjaws SO-DIMM 32GB (2 x 16GB) 262-Pin DDR5 SO-DIMM DDR5 4800 (PC4 38400) Laptop Memory Model F5-4800S3434A16GX2-RS",RAM,£392.39 –
"MSI Gaming GeForce RTX 5060 8GB GDDR7 PCI Express 5.0 x 16 (use x8) Graphics Card RTX 5060 8G GAMING OC",GPU,£407.99 –
"GIGABYTE B650M AORUS ELITE AX AM5 LGA 1718 AMD B650 M-ATX Motherboard with 5-Year Warranty, DDR5, 2 M.2, PCIe 5.0, USB 3.2 Gen2X2 Type-C, Intel 2.5GbE LAN, Q-Flash Plus, EZ-Latch",Motherboard,£171.59 –
"GIGABYTE W790 AI TOP Intel Xeon W Processor Motherboard (LGA4677), E-ATX, DDR5, 6x M.2, PCIe 5.0, Thunderbolt 4, WIFI7, 10GbE LAN, EZ-Latch",CPU,£832.79 –
"Intel Core Ultra 5 225F - Core Ultra 5 (Series 2) - Arrow Lake 10-Core (6P+4E) - LGA 1851 65W - None Integrated Graphics - Desktop CPU Processor - BX80768225F",CPU,£140.39 –
"ASRock B860 Pro-A LGA 1851 Intel B860 SATA 6Gb/s DDR5 Intel Core Ultra  ATX Motherboard",Motherboard,£134.39 –
"G.SKILL Ripjaws SO-DIMM 64GB (2 x 32GB) 262-Pin DDR5 SO-DIMM DDR5 4800 (PC4 38400) Laptop Memory Model F5-4800S4039A32GX2-RS",RAM,£773.99 –
"CORSAIR Vengeance RGB 32GB (2 x 16GB) 288-Pin PC RAM DDR5 6000 (PC5 48000) Desktop Memory Model CMH32GX5M2F6000C36",RAM,£421.19 –
"G.SKILL Trident Z5 Neo RGB Series 256GB (4 x 64GB) 288-Pin PC RAM DDR5 6000 (PC5 48000) Desktop Memory Model F5-6000J3644D64GX4-TZ5NR",RAM,£4,870.79 –
"Kingston FURY Beast 32GB (2 x 16GB) 288-Pin PC RAM DDR5 6400 (PC5 51200) Memory (Desktop Memory) Model KF564C32BBEAK2-32",RAM,£668.39 –
"XPG LANCER 16GB 288-Pin PC RAM DDR5 6000 (PC5 48000) Desktop Memory Model AX5U6000C3016G-CLARBK",RAM,£223.19 –
"GIGABYTE B650M D3HP AX AM5 LGA 1718 AMD B650 M-ATX DDR5, 2x PCIe 4.0 M.2, PCIe 4.0, USB 3.2 Gen2 Type-C, Wi-Fi 6E, 2.5GbE LAN",RAM,£135.59 –
"AMD EPYC 5th Gen 9005 Series (Thirty-Six-Core) 36 Core -Model 9365 AMD - EPYC - Processor / Number: 9365 - Processor / Clock Speed: 3.4 - Total Threads: 72 - Socket SP5 - L3 Cache - 192MB Memory - OEM",CPU,£3,536.39 –
"ASRock Z890 Steel Legend WiFi LGA 1851 Intel Z890 ATX Motherboard",Motherboard,£244.79 –
"Intel Xeon W9-3475X Hexatriaconta-core (36 Core) 2.20 GHz Processor - 82.50 MB L3 Cache - 64-bit Processing - 4.80 GHz Overclocking Speed - Socket LGA-4677 - 360 W - 72 Threads - Model BX807133475X",CPU,£3,854.39 –
"Team Group Delta RGB DDR5 32GB (2 x 16GB) 288-Pin PC RAM DDR5 7600 (PC5 60800) desktop memory Model FF4D532G7600HC36DDC01",RAM,£604.79 –
"ASRock B860 Steel Legend WiFi LGA 1851 Intel B860 SATA 6Gb/s DDR5 ATX Motherboard",Motherboard,£142.79 –
"MSI PRO Z890-A WIFI LGA 1851 Intel Z890 ATX Motherboard",Motherboard,£241.19 –
"AMD EPYC 5th Gen 9005 Series (Ninety-Six-Core) 96 Core -Model 9655 AMD - EPYC - Processor / Number: 9655 - 2.6GHz - Total Threads: 192 - Socket SP5 - L3 Cache - 384MB Cache Memory - OEM",CPU,£6,183.59 –
"G.SKILL Flare X5 96GB (2 x 48GB) 288-Pin PC RAM DDR5 5600 (PC5 44800) Desktop Memory Model F5-5600J4040D48GX2-FX5",RAM,£1,049.99 –
"G.SKILL Flare X5 128GB (2 x 64GB) 288-Pin PC RAM DDR5 6000 (PC5 48000) Desktop Memory Model F5-6000J3644D64GX2-FX5",RAM,£2,464.79 –
"AMD Ryzen Threadripper PRO 9955WX - Ryzen Threadripper PRO 9000 WX-Series Shimada Peak 16-Core 4.5 GHz Socket sTR5 350W None Integrated Graphics Processor - 100-100000725WOF",CPU,£1,539.59 –
"ASRock X870 PRO RS AM5 AMD X870 ATX Motherboard",Motherboard,£196.79 –
"MSI PRO B850M-A WIFI PZ AMD B850 HDMI Motherboards-AMD",Motherboard,£207.59 –
"ASRock B850 Live Mixer WiFi AM5 AMD B850 ATX Motherboard",Motherboard,£179.99 –
"GIGABYTE Z890I AORUS ULTRA Ultra Core (Series 2) LGA 1851, Mini-ITX, DDR5, 2x M.2, PCIe 5.0, Thunderbolt 4, WIFI7, 2.5GbE LAN, EZ-Latch",RAM,£284.39 –
"Kingston FURY Beast 16GB (2 x 8GB) 288-Pin PC RAM DDR4 3200 (PC4 25600) Desktop Memory Model KF432C16BB2AK2/16",RAM,£179.99 –
"AMD Radeon Pro W7700 100-300000006 16GB 256-bit GDDR6 PCI Express 4.0 x16 Graphics Card",GPU,£926.39 –
"Team Group Delta RGB 32GB (2 x 16GB) 288-Pin PC RAM DDR5 6800 (PC5 54400) Desktop Memory Model FF3D532G6800HC34BDC01",RAM,£479.99 –
"G.SKILL Ripjaws SO-DIMM 32GB 262-Pin DDR5 SO-DIMM DDR5 4800 (PC4 38400) Laptop Memory Model F5-4800S4039A32GX1-RS",RAM,£387.59 –
"G.SKILL Ripjaws Series 32GB 260-Pin DDR4 SO-DIMM DDR4 2666 (PC4 21300) Laptop Memory Model F4-2666C19S-32GRS",RAM,£247.19 –
"MSI B840 GAMING PLUS WIFI AM5 AMD B840 SATA 6Gb/s 2.5G Network Wi-Fi 7 DDR5 Dual M.2 Connectors ATX Motherboard",Motherboard,£161.99 –
"Patriot Viper Xtreme 5 32GB (2 x 16GB) 288-Pin PC RAM DDR5 6400 (PC5 51200) Memory (Desktop Memory) Model PVX532G64C32K",RAM,£398.39 –
"Kingston FURY Beast 32GB (2 x 16GB) 288-Pin PC RAM DDR5 6000 (PC5 48000) Memory (Desktop Memory) Model KF560C30BWEK2-32",RAM,£639.59 –
"Intel Xeon Bronze (4th Gen) 3408U Octa-core (8 Core) 1.80 GHz Processor - 22.50 MB L3 Cache - 64-bit Processing - 1.90 GHz Overclocking Speed - Socket LGA-4677 - 125 W - 8 Threads - OEM",CPU,£446.39 –
"Patriot Viper Venom 48GB (2 x 24GB) 288-Pin PC RAM DDR5 6400 (PC5 51200) Desktop Memory Model PVV548G640C32K",RAM,£487.19 –
"G.SKILL Ripjaws SO-DIMM 32GB 262-Pin DDR5 SO-DIMM DDR5 5600 (PC5 44800) Laptop Memory Model F5-5600S4645A32GX1-RS",RAM,£418.79 –
"AMD Ryzen Threadripper 7970X 350W SP6 - Zen 4 32-Core/64-Threads (100-100001351WOF)",Unknown,£1,881.59 –
"AMD EPYC 9004 (4th Gen) 9684X Hexanonaconta-core (96 Core) 2.55 GHz Processor - OEM Pack - 1.13 GB L3 Cache - 64-bit Processing - 3.70 GHz Overclocking Speed - 5 nm - 100-000001254 - OEM",CPU,£8,049.59 –
"ASRock Z890 LiveMixer WiFi LGA 1851 Intel Z890 ATX Motherboard",Motherboard,£229.19 –
"ASRock B850M Challenger WiFi AM5 AMD B850 Micro ATX Motherboard",Motherboard,£124.79 –
"G.SKILL Flare X5 64GB (2 x 32GB) 288-Pin PC RAM DDR5 6000 (PC5 48000) Desktop Memory Model F5-6000J3636F32GX2-FX5W",RAM,£857.99 –
"ASUS TUF GAMING B850-BTF WIFI W AMD B850 ATX motherboard, hidden-connector design, 14+2+1 80A DrMOS power stages, DDR5, PCIe 5.0 Ready, 3x M.2, Wi-Fi 7, 2.5Gb LAN, DP, HDMI, USB 20Gbps Type-C",Motherboard,£259.19 –
"Intel Xeon w7-3465X Octacosa-core (28 Core) 2.50 GHz Processor - 75 MB L3 Cache - 64-bit Processing - 4.80 GHz Overclocking Speed - Socket LGA-4677 - 360 W - 56 Threads - BX807133465X",CPU,£3,163.19 –
"Intel Xeon w7-2575X Docosa-core (22 Core) 3 GHz Processor - 45 MB L3 Cache - 64-bit Processing - 4.80 GHz Overclocking Speed - Socket LGA-4677 - Intel vPro Technology - 44 Threads-  BX807132575X",CPU,£2,396.39 –
"ASRock Z890M Riptide WiFi LGA 1851 Intel Z890 Micro ATX Motherboard",Motherboard,£243.59 –
"ASRock Z890 Taichi Lite LGA 1851 Intel Z890 ATX Motherboard",Motherboard,£373.19 –
"Black Diamond Memory 64GB (2 x 32GB) 260-Pin DDR4 SO-DIMM DDR4 3200 (PC4 25600) Laptop Memory Model BD32GX23200MQN28",RAM,£544.79 –
"GIGABYTE Z890 AORUS ELITE X ICE Ultra Core (Series 2) LGA 1851, ATX, DDR5, 5x M.2, PCIe 5.0, Thunderbolt 4, WIFI7, 2.5GbE LAN, EZ-Latch",RAM,£245.99 –
"ASRock B850M Pro-A AM5 AMD B850 Micro ATX Motherboard",Motherboard,£124.79 –
"Kingston FURY Impact 32GB (2 x 16GB) 260-pin SO-DIMM DDR4 3200 MHz CL20 Black Memory (KF432S20IBK2/32)",RAM,£231.59 –
"ASUS TUF GAMING X870-PLUS WIFI AMD AM5 X870 ATX motherboard, 16+2+1, 80A SPS power stages, DDR5, PCIe 5.0 Ready, four M.2 slots, Wi-Fi 7, 2.5Gb LAN, HDMI, USB4 40Gbps, SATA 6 Gbps, USB 20Gbps Type-C",Motherboard,£238.79 –
"v-color 8GB DDR4 DRAM 3200MHz (PC4-25600) CL22 1.2V U-DIMM Desktop Memory Ram Upgrade Module TD48G32S822-VC",RAM,£61.19 –
"V-COLOR Manta XSky DDR5 32GB (2x16GB) 6000MHz CL28 1.4V SK Hynix IC RGB Gaming Desktop Upgrade Memory Module Black, for AMD EXPO (TMXSAL1660828KWK)",RAM,£494.39 –
"G.SKILL Ripjaws Series 32GB (2 x 16GB) 260-Pin DDR4 SO-DIMM DDR4 3200 (PC4 25600) Laptop Memory Model F4-3200C22D-32GRS",RAM,£275.99 –
"CORSAIR Vengeance 32GB (2 x 16GB) 288-Pin PC RAM DDR5 6000 (PC5 48000) Desktop Memory Model CMK32GX5M2E6000C36",RAM,£407.99 –
"GIGABYTE B650M GAMING PLUS WIFI AM5 LGA 1718 AMD B650 M-ATX, DDR5, PCIe 4.0 M.2, PCIe 4.0, USB 3.2 Gen 1 Type-C, Wi-Fi 6E, 2.5GbE LAN",RAM,£135.59 –
"V-COLOR Manta XSky DDR5 32GB (2x16GB) 6400MHz CL32 1.4V SK Hynix IC RGB Gaming Desktop Upgrade Memory Module Black, for AMD EXPO TMXSAL1664832KWK",RAM,£481.19 –
"Crucial 64GB Kit (32GBx2) DDR4 3200 MT/s CL22 SODIMM 260-Pin Memory - CT2K32G4SFD832A",RAM,£508.79 –
"MSI PRO X870-P WIFI AM5 AMD X870 ATX Motherboard",Motherboard,£190.79 –
"V-COLOR Manta XSky DDR5 32GB (2x16GB) 6000MHz CL30 1.25V SK Hynix Original IC Gaming Desktop Memory Module Black, for AMD EXPO (TMXSAO1660830KKK)",RAM,£471.59 –
"CORSAIR Vengeance 32GB (2 x 16GB) 288-Pin PC RAM DDR5 5200 (PC5 41600) Desktop Memory Model CMK32GX5M2B5200C40",RAM,£406.79 –
"CORSAIR Vengeance 64GB (2 x 32GB) 288-Pin PC RAM DDR5 5600 (PC5 44800) Desktop Memory Model CMH64GX5M2D5600Z40",RAM,£800.39 –
"Crucial Pro 64GB (2 x 32GB) 288-Pin PC RAM DDR4 3200 (PC4 25600) Desktop Memory Model CP2K32G4DFRA32A",RAM,£433.19 –
"CORSAIR Vengeance 64GB (2 x 32GB) 288-Pin PC RAM DDR5 6000 (PC5 48000) Desktop Memory Model CMK64GX5M2B6000C30",RAM,£1,022.39 –
"G.SKILL Trident Z5 Neo Series AMD EXPO 32GB (2 x 16GB) 288-Pin PC RAM DDR5 6000 (PC5 48000) Desktop Memory Model F5-6000J3636F16GX2-TZ5N",RAM,£442.79 –
"Kingston FURY Impact 32GB (1 x 32GB) 260-pin SO-DIMM DDR4 3200 MHz CL20 Black Memory (KF432S20IB/32)",RAM,£226.79 –
"G.SKILL Ripjaws V Series 32GB (2 x 16GB) 288-Pin PC RAM DDR4 3600 (PC4 28800) Desktop Memory Model F4-3600C18D-32GVK",RAM,£298.79 –
"G.SKILL Trident Z5 RGB Series 32GB (2 x 16GB) 288-Pin PC RAM DDR5 6800 (PC5 54400) Desktop Memory Model F5-6800J3445G16GX2-TZ5RK",RAM,£488.39 –
"ASUS TUF Gaming white GeForce RTX 5070 Ti OC Edition 16GB GDDR7 TUF-RTX5070TI-O16G-WHITE-GAMING PCI-Express 5.0 DLSS 4.0 Graphics Card",GPU,£1,114.79 –
"Kingston Impact 64GB (2 x 32GB) 260-Pin DDR4 SO-DIMM DDR4 3200 (PC4 25600) Memory (Notebook Memory) Model KF432S20IBK2/64",RAM,£481.19 –
"PNY NVIDIA RTX PRO 4000 Blackwell Graphic Card - 24 GB GDDR7 ECC - PCIe 5.0 x16- 192-Bit - 1x Slot - Active - FHML - 145 W - Bulk - VCNRTXPRO4000B-PB Graphics Card - OEM",GPU,£1,621.19 –
"G.SKILL Flare X5 16GB (2 x 8GB) 288-Pin PC RAM DDR5 5600 (PC5 44800) Desktop Memory Model F5-5600J3636C8GH2-FX5",RAM,£229.19 –
"G.SKILL TridentZ RGB Series 32GB (2 x 16GB) 288-Pin PC RAM DDR4 3600 (PC4 28800) Desktop Memory Model F4-3600C18D-32GTZR",RAM,£308.39 –
"GIGABYTE X870 AORUS STEALTH ICE AMD AM5 Motherboard, ATX, DDR5, 4x M.2, PCIe 5.0, 2xUSB-4,USB-C, WIFI7, 5GbE LAN, EZ-Latch",Motherboard,£293.99 –
"CORSAIR Vengeance RGB 128GB (2 x 64GB) 288-Pin PC RAM DDR5 6400 (PC5 51200) Desktop Memory Model CMH128GX5M2B6400C42",RAM,£1,546.79 –
"MSI PRO B860M-A WIFI LGA 1851 Intel B860 SATA 6Gb/s DDR5 PCI-E x16 slot M.2 Thunderbolt4 5Gbps LAN Wi-Fi 7 Micro ATX Motherboard",Motherboard,£160.79 –
"Crucial 32GB 262-Pin DDR5 SO-DIMM DDR5 5600 Laptop Memory Model CT32G56C46S5",RAM,£364.79 –
"GIGABYTE GeForce GT 710 2GB DDR3 PCI Express 2.0 Low Profile Graphics Card GV-N710D3-2GL REV2.0",GPU,£62.39 –
"PNY NVIDIA RTX PRO 5000 Blackwell Graphic Card - 48 GB GDDR7 ECC - PCIe 5.0 x16 - 384-Bit - 2x Slot - Active - FHFL - 300 W - Bulk - VCNRTXPRO5000B-PB Graphics Card - OEM",GPU,£4,577.99 –
"CORSAIR Vengeance RGB 64GB (2 x 32GB) 288-Pin PC RAM DDR5 6000 (PC5 48000) Desktop Memory Model CMH64GX5M2D6000C40",RAM,£800.39 –
"Intel Core i7-12700KF - Core i7 12th Gen Alder Lake 12-Core (8P+4E) 3.6 GHz LGA 1700 125W Desktop Processor - BX8071512700KF",CPU,£257.99 –
"MSI SHADOW GeForce RTX 5050 8GB GDDR6 PCI Express 5.0 Graphics Card RTX 5050 8G SHADOW 2X OC",GPU,£289.19 –
"MSI MEG X870E ACE MAX AM5 AMD X870E Motherboard",Motherboard,£625.19 –
"Crucial Pro Overclocking 64GB (2 x 32GB) DDR5 6000 (PC5 48000) Desktop Memory Model CP2K32G60C40U5B",RAM,£698.39 –
"Team T-Force Delta RGB 16GB (2 x 8GB) 288-Pin PC RAM DDR4 3200 (PC4 25600) Desktop Memory Model TF4D416G3200HC16FDC01",RAM,£145.19 –
"G.SKILL Trident Z5 Series 128GB (2 x 64GB) 288-Pin PC RAM DDR5 6400 (PC5 51200) Desktop Memory Model F5-6400J3644F64GX2-TZ5RK",RAM,£2,483.99 –
"GIGABYTE B860 DS3H WIFI6E Intel Core Ultra (Series 2) LGA 1851 Motherboard, ATX, DDR5, 3x M.2, PCIe 5.0, USB-C, WIFI6E, 2.5GbE LAN, EZ-Latch",Motherboard,£153.59 –
"G.SKILL Trident Z5 RGB Series 64GB (2 x 32GB) 288-Pin PC RAM DDR5 6000 (PC5 48000) Desktop Memory Model F5-6000J3040G32GX2-TZ5RW",RAM,£902.39 –
"CORSAIR Vengeance RGB 96GB (2 x 48GB) 288-Pin PC RAM DDR5 6000 (PC5 48000) Desktop Memory Model CMH96GX5M2E6000Z36",RAM,£1,136.39 –
"Intel Core i7-12700K - Core i7 12th Gen Alder Lake 12-Core (8P+4E) 3.6 GHz LGA 1700 125W Intel UHD Graphics 770 Desktop Processor - BX8071512700K",CPU,£278.39 –
"Kingston FURY Beast 32GB (2 x 16GB) 288-Pin PC RAM DDR4 3200 (PC4 25600) Memory (Desktop Memory) Model KF432C16BBK2/32",RAM,£311.99 –
"Team T-Force Delta RGB 32GB (2 x 16GB) 288-Pin PC RAM DDR5 6400 (PC5 51200) Desktop Memory Model FF4D532G6400HC32ADC01",RAM,£539.99 –
"V-COLOR Manta XSky DDR5 32GB (2x16GB) 6000MHz CL30 SK Hynix IC RGB Gaming Desktop Memory Module Black, for AMD EXPO TMXSAL1660830KWK",RAM,£473.99 –
"V-COLOR Manta XSky DDR5 32GB (2x16GB) 6000MHz CL26 1.45V SK Hynix IC RGB Gaming Desktop Upgrade Memory Module Black, for AMD EXPO (TMXSAL1660826KWK)",RAM,£506.39 –
"Patriot Viper Elite 5 Ultra 48GB (2 x 24GB) 288-Pin PC RAM DDR5 6000 (PC5 48000) Desktop Memory Model VEUR548G6028K",RAM,£533.99 –
"V-COLOR DDR5 TUF GAMING ALLIANCE Manta XFinity 64GB (32GBx2) 6400MHz CL32 1.4V AMD EXPO SK Hynix Original IC RGB Gaming Desktop Upgrade RAM Memory Module Black (GTMXFAL3264832KWK)",RAM,£764.39 –
"Intel Core i7-14700 - Core i7 14th Gen Raptor Lake 20-Core (8P+12E) LGA 1700 65W Intel UHD Graphics 770 Processor - BX8071514700",CPU,£364.79 –
"MSI Z890 GAMING PLUS WIFI LGA 1851 Intel Z890 ATX Motherboard",Motherboard,£203.99 –
"CORSAIR Vengeance 128GB (2 x 64GB) 288-Pin PC RAM DDR5 6000 (PC5 48000) Desktop Memory Model CMK128GX5M2D6000C40",RAM,£1,528.79 –
"CORSAIR Vengeance RGB 64GB (2 x 32GB) 288-Pin PC RAM DDR5 5200 (PC5 41600) Intel XMP 3.0 Desktop Memory Model CMH64GX5M2B5200C40",RAM,£793.19 –
"PNY RTX 4000 Ada VCNRTX4000ADA-PB 20GB 20GB 160-bit GDDR6 PCI Express 4.0 x16 Graphics Card",GPU,£1,227.59 –
"G.SKILL Ripjaws S5 Series 32GB (2 x 16GB) 288-Pin PC RAM DDR5 6400 (PC5 51200) Desktop Memory Model F5-6400J3239G16GX2-RS5K",RAM,£452.39 –
"V-COLOR Manta XSky DDR5 32GB (2x16GB) 6000MHz CL36 1.35V SK Hynix Original IC RGB Gaming Desktop Memory Module Black, for AMD EXPO (TMXSAL1660836KWK)",RAM,£385.19 –
"MSI MPG Z890I EDGE TI WIFI LGA 1851 Intel Z890 Mini ITX Motherboard",Motherboard,£287.99 –
"Kingston FURY Beast 64GB (2 x 32GB) DDR4 3600 (PC4 28800) Memory (Desktop Memory) Model KF436C18BB2AK2/64",RAM,£683.99 –
"Crucial Pro 48GB (2 x 24GB) DDR5 5600 (PC5 44800) XMP 3.0 & AMD EXPO Ready Desktop Memory Model CP2K24G56C46U5",RAM,£434.39 –
"G.SKILL 8GB DDR4 3200 (PC4 25600) Desktop Memory Model F4-3200C16S-8GVKB",RAM,£68.39 –
"PNY A400 VCNRTXA400ATX-PB 4GB 64-bit GDDR6 PCIe 4.0 x8 Graphics Card",GPU,£172.79 –
"AMD EPYC 4545P Socket AM5 65W 100-100001764 Processor - OEM",CPU,£515.99 –
"GIGABYTE X870E AORUS MASTER X3D AMD AM5 LGA 1718 ATX Motherboard, Supports AMD Ryzen 9000/8000/7000 Series Processors, DDR5, 18+2+2 Total Power Phase, 5x M.2, PCIe 5.0, USB4 Type-C, WIFI7, 10GbE, PCIe",CPU,£562.79 –
"Kingston Kingston Fury 16GB (2 x 8GB) 288-Pin PC RAM DDR5 5600 (PC5 44800) Memory (Desktop Memory) Model KF556C36BBEK2-16",RAM,£250.79 –
"ASRock H810M-X WIFI LGA 1851 Intel H810 Micro ATX Motherboard",Motherboard,£107.99 –
"CORSAIR Vengeance 16GB 262-Pin DDR5 SO-DIMM DDR5 5600 (PC5 44800) Laptop Memory Model CMSX16GX5M1A5600C48",RAM,£202.79 –
"GIGABYTE B860 AORUS ELITE WIFI7 ICE Intel Core Ultra (Series 2) LGA 1851 Motherboard, ATX, DDR5, 3x M.2, PCIe 5.0, USB-C, WIFI7, 2.5GbE LAN, EZ-Latch",Motherboard,£171.59 –
"GIGABYTE B650 AORUS ELITE AX ICE AM5 LGA 1718 AMD B650 ATX Motherboard with 5-Year Warranty, DDR5, Triple M.2, PCIe 5.0, USB 3.2 Gen2X2 Type-C, WiFi 6E, 2.5GbE LAN, Snow White, EZ-Latch",Motherboard,£203.99 –
"G.SKILL TridentZ RGB Series 16GB (2 x 8GB) 288-Pin PC RAM DDR4 3200 (PC4 25600) Desktop Memory Model F4-3200C16D-16GTZR",RAM,£169.19 –
"Patriot Viper Venom DDR5 RAM 16GB (1X16GB) 6000MT/s CL30 UDIMM Desktop Gaming Memory Module - PVV516G60C30 Compatible with AMD & Intel Gen14 Only",RAM,£193.19 –
"CORSAIR Dominator Platinum RGB 64GB (2 x 32GB) 288-Pin PC RAM DDR5 5200 (PC5 41600) Desktop Memory Model CMT64GX5M2B5200C40",RAM,£844.79 –
"AMD Ryzen 5 8600G - Ryzen 5 8000-G Series 6-Core 4.3 GHz Socket AM5 65W AMD Radeon 760M Desktop CPU Processor - 100-100001237BOX",CPU,£182.39 –
"MSI PRO Z890-S WIFI LGA 1851 Intel Z890 ATX Motherboard",Motherboard,£151.19 –
"GIGABYTE B860 GAMING X WIFI6E Intel Core Ultra (Series 2) LGA 1851 Motherboard, ATX, DDR5, 3x M.2, PCIe 5.0, USB-C, WIFI6E, 2.5GbE LAN, EZ-Latch",Motherboard,£153.59 –
"Patriot Memory Viper Venom RGB DDR5 RAM 32GB (2X16GB) 6000MT/s CL30 UDIMM Desktop Gaming Memory Kit - PVVR532G600C30K Compatible with AMD / Intel Gen14 Only",RAM,£381.59 –
"MSI MAG B860 TOMAHAWK WIFI LGA 1851 Intel B860 SATA 6Gb/s Intel Core Ultra DDR5 ATX Motherboard",Motherboard,£216.00 –
"MSI PRO Z890-P WIFI LGA 1851 Intel Z890 ATX Motherboard",Motherboard,£229.19 –
"MSI B860 GAMING PLUS WIFI LGA 1851 Intel B860 SATA 6Gb/s Wi-Fi 7 DDR5 PCI-E x16 slot M.2 Thunderbolt4 5Gbps LAN ATX Motherboard",Motherboard,£196.79 –
"Patriot Memory Signature Line 4GB DDR4 SDRAM Memory Module PSD44G266681S",RAM,£9.59 –
"CORSAIR Vengeance RGB 64GB (2 x 32GB) 288-Pin PC RAM DDR5 6400 (PC5 51200) Desktop Memory Model CMH64GX5M2B6400C32",RAM,£1,083.59 –
"CORSAIR Vengeance 64GB (2 x 32GB) 288-Pin PC RAM DDR5 5600 (PC5 44800) Desktop Memory Model CMK64GX5M2D5600Z40",RAM,£796.79 –
"ASRock H810M-X LGA 1851 Intel H810 Micro ATX Motherboard",Motherboard,£98.39 –
"ASRock B760M PG Lightning WiFi LGA 1700 Intel B760 Micro ATX Motherboard",Motherboard,£106.79 –
"ASUS TUF GAMING B850-E WIFI equipped with outstanding features, 8-layer PCB, 8+2+1 80A stages, DDR5, PCIe 5.0 x16, three M.2, Wi-Fi 6E, 2.5Gb, USB Type-C",RAM,£208.79 –
"Team Group T-CREATE EXPERT 32GB (2 x 16GB) 288-Pin PC RAM DDR5 6000 (PC5 48000) Desktop Memory Model CTCED532G6000HC30DC01",RAM,£461.99 –
"G.SKILL Ripjaws SO-DIMM 32GB (2 x 16GB) 262-Pin DDR5 SO-DIMM DDR5 5600 (PC5 44800) Laptop Memory Model F5-5600S4040A16GX2-RS",RAM,£411.59 –
"CORSAIR Vengeance 16GB (2 x 8GB) 288-Pin PC RAM DDR5 5600 (PC5 44800) Desktop memory Model CMK16GX5M2B5600Z40",RAM,£245.99 –
"GIGABYTE Gaming GeForce RTX 5060 Ti 16GB GDDR7 PCI Express 5.0 x8 ATX Graphics Card GV-N506TGAMING OC-16GD",GPU,£527.99 –
"Crucial 128GB (2 x 64GB) DDR5 5600 (PC5 44800) Memory (Desktop Memory)",RAM,£1,240.79 –
"Patriot Viper Elite 5 Ultra 64GB (2 x 32GB) 288-Pin PC RAM DDR5 6000 (PC5 48000) Desktop Memory Model VEUR564G6028K",RAM,£953.99 –
"Patriot Core Series 32GB 262-Pin DDR5 SO-DIMM DDR5 5600 (PC5 44800) Laptop Memory Model PSC532G5602HS",RAM,£297.59 –
"CORSAIR Vengeance RGB 32GB (2 x 16GB) 288-Pin PC RAM DDR5 6400 (PC5 51200) Desktop Memory Model CMH32GX5M2B6400C32W",RAM,£535.19 –
"Intel Core i9-12900KF - Core i9 12th Gen Alder Lake 16-Core (8P+8E) 3.2 GHz LGA 1700 125W Desktop Processor - BX8071512900KF",CPU,£341.99 –
"PNY A1000 VCNRTXA1000ATX-PB 8GB 128-bit GDDR6 PCIe 4.0 x8 Workstation Video Card",RAM,£392.39 –
"Crucial Pro Overclocking 32GB (2 x 16GB) DDR5 6400 (PC5 51200) Desktop Memory Model CP2K16G64C32U5B",RAM,£398.39 –
"Kingston FURY Beast 64GB (2 x 32GB) 288-Pin PC RAM DDR5 6400 (PC5 51200) Memory (Desktop Memory) Model KF564C32BWEAK2-64",RAM,£1,301.99 –
"CORSAIR Vengeance 64GB (2 x 32GB) 288-Pin PC RAM DDR5 4800 (PC5 38400) Desktop Memory Model CMH64GX5M2A4800C40",RAM,£783.59 –
"MSI B760M PROJECT ZERO Wi-Fi 6E LGA 1700 Intel B760 SATA 6Gb/s LGA1700 DDR5 Back Connect Design mATX Motherboards",Motherboard,£154.79 –
"GIGABYTE Eagle GeForce RTX 5060 8GB GDDR7 PCI Express 5.0 Graphics Card GV-N5060EAGLEOC ICE-8GD",GPU,£341.99 –
"Kingston FURY Beast 16GB (2 x 8GB) 288-Pin PC RAM DDR5 6000 (PC5 48000) Memory (Desktop Memory) Model KF560C36BBEK2-16",RAM,£260.39 –
"MSI PRO X870E-P WIFI AM5 ATX AMD Motherboards, USB 4.0 (40G),4x SATA 6Gb/s,Wi-Fi 7, Triple M.2 Connectors,",Motherboard,£284.39 –
"GIGABYTE B850 EAGLE WIFI6E AMD AM5 LGA 1718 Motherboard, ATX, DDR5, 3x M.2, PCIe 5.0, USB-C, WIFI6E, 1GbE LAN, EZ-Latch 5-Year Warranty",Motherboard,£154.79 –
"Kingston FURY Beast 128GB (4 x 32GB) 288-Pin PC RAM DDR5 5200 (PC5 41600) Memory (Desktop Memory) Model KF552C40BBK4-128",RAM,£2,373.59 –
"G.SKILL Ripjaws S5 Series 64GB (2 x 32GB) 288-Pin PC RAM DDR5 6000 (PC5 48000) Desktop Memory Model F5-6000J3636F32GX2-RS5K",RAM,£823.19 –
"Kingston FURY Beast 32GB (2 x 16GB) 288-Pin PC RAM DDR5 6000 (PC5 48000) Memory (Desktop Memory) Model KF560C30BWEAK2-32",RAM,£664.79 –
"AMD EPYC 4005 (5th Gen) 4465P Dodeca-core (12 Core) 64MB L3 Cache Socket AM5 65W Processor 100-100001558WOF",CPU,£416.39 –
"MSI PRO B650-P WIFI AM5 AMD B650 SATA 6Gb/s DDR5 Ryzen 7000 ATX Motherboard",Motherboard,£166.79 –
"AMD Ryzen 9 9950X - Ryzen 9 9000 Series Granite Ridge (Zen 5) 16-Core 4.3 GHz - Socket AM5 170W - Radeon Graphics Processor - Bulk - OEM",CPU,£495.59 –
"ASUS TUF GAMING B650E-PLUS WIFI AMD B650 ATX motherboard, 12+2+1 80A DrMOS power stages, DDR5, PCIe 5.0 Ready, 3x M.2, Wi-Fi 6E, 2.5Gb LAN, DisplayPort, HDMI, USB Type-C, BIOS FlashBack, Aura Sync",Motherboard,£188.39 –
"AMD Ryzen Threadripper 9960X - Ryzen Threadripper 9000 Series Shimada Peak 24-Core 4.2 GHz Socket sTR5 350W None Integrated Graphics Processor - 100-000001595WOF",CPU,£1,354.79 –
"Team T-Force Vulcan ECO 32GB (2 x 16GB) 288-Pin PC RAM DDR5 6400 (PC5 51200) Desktop Memory Model FLESD532G6400HC38JDC01",RAM,£430.79 –
"G.SKILL Trident Z5 RGB Series 32GB (2 x 16GB) 288-Pin PC RAM DDR5 6000 (PC5 48000) Desktop Memory Model F5-6000J3036F16GX2-TZ5RK",RAM,£497.99 –
"GIGABYTE H610M S2H V2 Motherboard, Supports 14th/13th/12th Gen Intel Core Processors (LGA 1700), mATX, DDR5, 1x M.2, PCIe 4.0, USB-C, HDMI, 2x DisplayPort, D-Sub, 1GbE LAN",CPU,£86.39 –
"AMD EPYC 5th Gen 9005 Series  (Sixteen-Core) 16 Core - Model 9115 AMD - EPYC - Processor / Number: 9115 - Processor / Clock Speed: 2.6 - Total Threads: 32 - Socket SP5 - L3 Cache - 64MB Memory - OEM",CPU,£945.59 –
"CORSAIR Vengeance RGB 64GB (2 x 32GB) 288-Pin PC RAM DDR5 5200 (PC5 41600) Desktop memory Model CMH64GX5M2B5200C40W",RAM,£793.19 –
"G.SKILL Ripjaws M5 RGB Series 64GB (2 x 32GB) 288-Pin PC RAM DDR5 6000 (PC5 48000) Desktop Memory Model F5-6000J3238G32GX2-RM5RW",RAM,£841.19 –
"CORSAIR Vengeance 16GB (2 x 8GB) 288-Pin PC RAM DDR5 6000 (PC5 48000) Desktop memory Model CMK16GX5M2E6000Z36",RAM,£250.79 –
"G.SKILL Ripjaws S5 Series 32GB (2 x 16GB) DDR5 5600 Desktop Memory Model F5-5600J4040C16GX2-RS5K",RAM,£445.19 –
"Patriot Memory Viper Venom 32GB (2 x 16GB) 288-Pin PC RAM DDR5 6400 (PC5 51200) Desktop Memory Model PVV532G640C32K Compatible with AMD / Intel Gen14 Only",RAM,£375.59 –
"Team T-CREATE CLASSIC 64GB (2 x 32GB) DDR5 6000 (PC5 48000) Desktop Memory Model CTCCD564G6000HC48DC01",RAM,£775.19 –
"GIGABYTE B860M AORUS ELITE WIFI6E ICE Intel Core Ultra (Series 2) LGA 1851 Motherboard, mATX, DDR5, 3x M.2, PCIe 5.0, USB-C, WIFI6E, 2.5GbE LAN, EZ-Latch",Motherboard,£171.59 –
"G.SKILL Ripjaws S5 Series 32GB (2 x 16GB) DDR5 5600 Desktop Memory Model F5-5600J3636C16GX2-RS5W",RAM,£447.59 –
"V-COLOR Manta XSky DDR5 32GB (2x16GB) 6400MHz CL32 1.4V SK Hynix IC Gaming Desktop Memory Module Black, for AMD EXPO TMXSAO1664832KKK",RAM,£471.59 –
"ASRock B650M-HDV/M.2 White AM5 AMD B650 Micro ATX Motherboard",Motherboard,£106.79 –
"G.SKILL Ripjaws S5 Series 32GB (2 x 16GB) DDR5 5600 Desktop Memory Model F5-5600J3636C16GX2-RS5K",RAM,£447.59 –
"ASRock B850 PRO RS AM5 AMD B850 ATX Motherboard",Motherboard,£142.79 –
"GIGABYTE B860M AORUS ELITE WIFI6E Intel Core Ultra (Series 2) LGA 1851 Motherboard, mATX, DDR5, 3x M.2, PCIe 5.0, USB-C, WIFI6E, 2.5GbE LAN, EZ-Latch",Motherboard,£170.39 –
"Patriot Viper Venom DDR5 RAM 32GB (1X32GB) 5600MT/s CL36 UDIMM Desktop Gaming Memory Module - PVV532G56C36",RAM,£315.59 –
"Patriot Memory Signature Line Premium 48GB 288-Pin PC RAM DDR5 5600 (PC5 44800) Memory (Desktop Memory) Model PSP548G56002H1",RAM,£356.39 –
"G.SKILL Flare X5 32GB (2 x 16GB) 288-Pin PC RAM DDR5 6000 (PC5 48000) Desktop Memory Model F5-6000J3038F16GH2-FX5",RAM,£464.39 –
"V-COLOR OLED XFinity+ DDR5 64GB (2x32GB) 8000MHz CL40 1.35V SK Hynix IC RGB Gaming Desktop Memory with Built-in OLED Display, White, for AMD EXPO (OTMXFAL3280840WWK)",RAM,£703.19 –
"Intel Core i7-12700F - Core i7 12th Gen Alder Lake 12-Core (8P+4E) 2.1 GHz LGA 1700 65W Desktop Processor - BX8071512700F",CPU,£269.99 –
"GIGABYTE WindForce GeForce RTX 5060 Ti 8GB GDDR7 PCI Express 5.0 x8 ATX Graphics Card GV-N506TWF2OC-8GD",GPU,£398.39 –
"CORSAIR Vengeance LPX 16GB (2 x 8GB) 288-Pin PC RAM DDR4 2666 (PC4 21300) Desktop Memory Model CMK16GX4M2A2666C16",RAM,£140.39 –
"Kingston FURY Beast 16GB (2 x 8GB) 288-Pin PC RAM DDR5 6000 (PC5 48000) Memory (Desktop Memory) Model KF560C36BBEAK2-16",RAM,£265.19 –
"G.SKILL Ripjaws S5 Series 32GB (2 x 16GB) 288-Pin PC RAM DDR5 6800 (PC5 54400) Desktop Memory Model F5-6800J3445G16GX2-RS5K",RAM,£459.59 –
"AMD Ryzen Threadripper PRO 9985WX - Ryzen Threadripper PRO 9000 WX-Series Shimada Peak 64-Core 3.2 GHz Socket sTR5 350W None Integrated Graphics Processor - 100-100000722WOF",CPU,£7,667.99 –
"G.SKILL Aegis 32GB (4 x 8GB) DDR4 3200 (PC4 25600) Memory Kit Model F4-3200C16Q-32GIS",RAM,£218.39 –
"CORSAIR Vengeance RGB 64GB (2 x 32GB) 288-Pin PC RAM DDR5 6400 (PC5 51200) Desktop Memory Model CMH64GX5M2B6400C42",RAM,£802.79 –
"Team T-Force Delta RGB 32GB (2 x 16GB) 288-Pin PC RAM DDR5 6000 (PC5 48000) Desktop Memory Model FF4D532G6000HC28ADC01",RAM,£585.59 –
"CORSAIR Vengeance 64GB (2 x 32GB) 288-Pin PC RAM DDR5 5200 (PC5 41600) Desktop Memory Model CMK64GX5M2B5200C40W",RAM,£788.39 –
"Intel Core i9-12900 - Core i9 12th Gen Alder Lake 16-Core (8P+8E) 2.4 GHz LGA 1700 Processor 65W Intel UHD Graphics 770 Desktop Processor - BX8071512900",CPU,£383.99 –
"PNY ARGB OC GeForce RTX 5090 32GB 512-Bit GDDR7 DLSS 4.0 PCI Express 5.0 x16 Graphics Card VCG509032TFXXPB1-O",GPU,£4,317.59 –
"ASRock Z890 Nova WiFi LGA 1851 Intel Z890 ATX Motherboard",Motherboard,£351.59 –
"ASRock Phantom Gaming B860 Lightning WiFi LGA 1851 Intel B860 SATA 6Gb/s DDR5 ATX Motherboard",Motherboard,£152.39 –
"GIGABYTE WINDFORCE GeForce RTX 5050 8GB GDDR6 PCI Express 5.0 x8 ATX Graphics Card GV-N5050WF2OC-8GD",GPU,£279.59 –
"Kingston FURY Impact 32GB (2 x 16GB) 262-Pin DDR5 SO-DIMM DDR5 5600 (PC5 44800) Laptop Memory Model KF556S40IBK2-32",RAM,£604.79 –
"Kingston FURY Beast 16GB (2 x 8GB) 288-Pin PC RAM DDR4 3200 (PC4 25600) Memory (Desktop Memory) Model KF432C16BBK2/16",RAM,£161.99 –
"GIGABYTE Low Profile GeForce RTX 5050 8GB GDDR6 PCI Express 5.0 x8 Low Profile Graphics Card GV-N5050OC-8GL",GPU,£285.59 –
"ASRock Z890 Pro RS WiFi White LGA 1851 Intel Z890 ATX Motherboard",Motherboard,£211.19 –
"CORSAIR Vengeance 64GB (2 x 32GB) 288-Pin PC RAM DDR5 6000 (PC5 48000) Desktop Memory Model CMK64GX5M2D6000C40",RAM,£790.79 –
"CORSAIR Vengeance 96GB (2 x 48GB) 288-Pin PC RAM DDR5 6000 (PC5 48000) Desktop Memory Model CMK96GX5M2E6000C36",RAM,£1,126.79 –
"Kingston FURY Beast 64GB (2 x 32GB) DDR4 3600 (PC4 28800) Memory (Desktop Memory) Model KF436C18BBK2/64",RAM,£673.19 –
"Kingston Fury Beast 32GB DDR5 5600MHz 288pin DIMM Memory Module KF556C40BB32",RAM,£598.79 –
"GIGABYTE A620I AX AM5 LGA 1718 AMD A620 Mini-ITX Motherboard, DDR5, Single M.2, PCIe 4.0, USB 3.2 Gen1 Type-C, Realtek Wi-Fi 6E, Realtek 2.5GbE, Q-Flash Plus, PCIe EZ-Latch",Motherboard,£142.79 –
"Kingston FURY Beast 16GB DDR4 3200MHz DIMM Memory Module",RAM,£159.59 –
"Intel Core i5-12600 - Core i5 12th Gen Alder Lake 6-Core 3.3 GHz LGA 1700 65W Intel UHD Graphics 770 Desktop Processor - BX8071512600",CPU,£262.79 –
"MSI MEG Z890 ACE LGA 1851 Intel Z890 ATX Motherboard",Motherboard,£604.79 –
"Patriot Viper Elite 5 Ultra 48GB (2 x 24GB) 288-Pin PC RAM DDR5 6400 (PC5 51200) Desktop Memory Model VEUR548G6432K",RAM,£572.39 –
"Crucial 64GB (2 x 32GB) 288-Pin PC RAM DDR5 6400 (PC5 51200) Desktop Memory Model CT2K32G64C52CU5",RAM,£680.39 –
"G.SKILL Ripjaws M5 Neo RGB Series 32GB (2 x 16GB) 288-Pin PC RAM DDR5 6000 (PC5 48000) Desktop Memory",RAM,£443.99 –
"G.SKILL Trident Z5 Series 32GB (2 x 16GB) 288-Pin PC RAM DDR5 5600 Desktop Memory Model F5-5600J3636C16GX2-TZ5S",RAM,£452.39 –
"AMD Ryzen Threadripper 9980X - Ryzen Threadripper 9000 Series Shimada Peak 64-Core 3.2 GHz Socket sTR5 350W None Integrated Graphics Processor - 100-000001593WOF",CPU,£4,613.99 –
"Patriot Viper Xtreme 5 M 32GB (2 x 16GB) 288-Pin PC RAM DDR5 6400 (PC5 51200) Memory (Desktop Memory) Model PVXR532G64C32KM",RAM,£398.39 –
"Asrock X870 Pro-A WIFI AM5 AMD X870 ATX Motherboard",Motherboard,£189.59 –
"AMD EPYC 9004 (4th Gen) 9354 Dotriaconta-core (32 Core) 3.25 GHz Processor - 256 MB L3 Cache - 64-bit Processing - 3.80 GHz Overclocking Speed - Socket SP5 No Graphics - 280 W - 64 Threads - OEM",CPU,£1,789.19 –
"G.SKILL Trident Z5 Neo Series 128GB (2 x 64GB) 288-Pin PC RAM DDR5 6000 (PC5 48000) Desktop Memory Model F5-6000J3644D64GX2-TZ5NR",RAM,£2,498.39 –
"Team Group T-CREATE EXPERT 64GB (2 x 32GB) 288-Pin PC RAM DDR5 6000 (PC5 48000) Desktop Memory Model CTCWD564G6000HC34BDC01",RAM,£789.59 –
"Kingston KF556C36BBEAK2-16 16GB (2 x 8GB) DDR5 5600 (PC5 44800) Memory (Desktop Memory) Model KF556C36BBEAK2-16",RAM,£255.59 –
"ASRock A520M-HDV AM4 AMD A520 Micro ATX AMD Motherboard",Motherboard,£67.19 –
"ASUS PRIME B850M-A WIFI-CSM AMD AM5 B850 mATX motherboard, DDR5, PCIe 5.0 Ready, 3x M.2, Wi-Fi 6E, 2.5Gb LAN, DisplayPort, HDMI, USB Type-C, ASUS Control Center Express Remote IT Management",Motherboard,£182.39 –
"Kingston FURY Beast 32GB (2 x 16GB) 288-Pin PC RAM DDR5 6400 (PC5 51200) Memory (Desktop Memory) Model KF564C32BWEAK2-32",RAM,£668.39 –
"Team T-Force Vulcan 32GB (2 x 16GB) 288-Pin PC RAM DDR5 6000 (PC5 48000) Desktop Memory Model FLBD532G6000HC38ADC01",RAM,£452.39 –
"Patriot Viper Elite 5 Ultra 32GB (2 x 16GB) 288-Pin PC RAM DDR5 6000 (PC5 48000) Desktop Memory Model VEU532G6028K",RAM,£399.59 –
"Team T-CREATE EXPERT 32GB (2 x 16GB) DDR5 6000 (PC5 48000) Desktop Memory Model CTCED532G6000HC38ADC01",RAM,£452.39 –
"ASRock Z890I Nova WiFi LGA 1851 Intel Z890 Mini ITX Motherboard",Motherboard,£278.39 –
"Patriot Signature Line 32GB 288-Pin PC RAM DDR4 2666 (PC4 21300) Desktop Memory Model PSD432G26662",RAM,£181.19 –
"Patriot Viper Venom DDR5 RAM 32GB (1X32GB) 6000MT/s CL30 UDIMM Desktop Gaming Memory Module - PVV532G60C30",RAM,£371.99 –
"Patriot Viper Venom 48GB (2 x 24GB) 288-Pin PC RAM DDR5 6000 (PC5 48000) Desktop Memory Model PVV548G600C36K",RAM,£467.99 –
"Team T-CREATE EXPERT 64GB (2 x 32GB) DDR5 6400 (PC5 51200) Desktop Memory Model CTCED564G6400HC34BDC01",RAM,£902.39 –
"G.SKILL Trident Z5 Series 32GB (2 x 16GB) 288-Pin PC RAM DDR5 6000 (PC5 48000) Desktop Memory Model F5-6000J3636F16GX2-TZ5K",RAM,£471.59 –
"G.SKILL Trident Z5 RGB Series 64GB (2 x 32GB) 288-Pin PC RAM DDR5 6000 (PC5 48000) Desktop Memory Model F5-6000J3636F32GX2-TZ5RW",RAM,£855.59 –
"G.SKILL Ripjaws S5 Series 32GB (2 x 16GB) DDR5 5200 Desktop Memory Model F5-5200J4040A16GX2-RS5K",RAM,£436.79 –
"Z890 Taichi AQUA LGA 1851 Intel Z890 SATA 6G/s EATX Motherboard",Motherboard,£407.99 –
"Intel Core Ultra 7 265F - Core Ultra 7 (Series 2) Arrow Lake 20-Core (8P+12E) Performance-core Base Frequency: 2.4 GHz Efficient-core Base Frequency: 1.8 GHz LGA 1851 65W None Integrated Graphics Desk",Unknown,£315.59 –
"G.SKILL Ripjaws S5 Series 64GB (2 x 32GB) 288-Pin PC RAM DDR5 6000 (PC5 48000) Desktop Memory Model F5-6000J3238G32GX2-RS5K",RAM,£821.99 –
"G.SKILL Ripjaws M5 RGB Series 64GB (2 x 32GB) 288-Pin PC RAM DDR5 6400 (PC5 51200) Desktop Memory Model F5-6400J3239G32GX2-RM5RW",RAM,£932.39 –
"G.SKILL Trident Z5 Series 32GB (2 x 16GB) DDR5 6400 Desktop Memory Model F5-6400J3239G16GX2-TZ5K",RAM,£469.19 –
"Kingston FURY Impact 64GB (2 x 32GB) 262-Pin DDR5 SO-DIMM DDR5 5600 (PC5 44800) Laptop Memory Model KF556S40IBK2-64",RAM,£1,201.19 –
"AMD EPYC 4004 (4th Gen) 4564P Hexadeca-core (16 Core) 4.50 GHz Processor - 64 MB L3 Cache - 64-bit Processing - 5.70 GHz  Server / Workstation Processor 100-100001476WOF.",CPU,£532.79 –
"G.SKILL Trident Z5 RGB Series 32GB (2 x 16GB) 288-Pin PC RAM DDR5 6000 (PC5 48000) Desktop Memory Model F5-6000J3636F16GX2-TZ5RS",RAM,£455.99 –
"G.SKILL Trident Z5 RGB Series 64GB (2 x 32GB) 288-Pin PC RAM DDR5 6000 (PC5 48000) Desktop Memory Model F5-6000J3238G32GX2-TZ5RS",RAM,£878.39 –
"G.SKILL Ripjaws M5 RGB Series 64GB (2 x 32GB) 288-Pin PC RAM DDR5 6000 (PC5 48000) Desktop Memory",RAM,£892.79 –
"V-COLOR OLED XFinity+ DDR5 32GB (2x16GB) 6000MHz CL30 1.35V SK Hynix IC RGB Gaming Desktop Memory with Built-in Panel, Black, for AMD EXPO (OTMXFAL1660830KWK)",RAM,£483.59 –
"Kingston FURY Beast RGB 32GB (2 x 16GB) 288-Pin PC RAM DDR5 5600 (PC5 44800) Memory (Desktop Memory) Model KF556C40BBAK2-32",RAM,£622.79 –
"CORSAIR Vengeance 32GB (2 x 16GB) 262-Pin DDR5 SO-DIMM DDR5 5600 (PC5 44800) Laptop Memory Model CMSX32GX5M2A5600C48",RAM,£404.39 –
"Patriot Viper Elite 5 32GB 288-Pin PC RAM DDR5 6000 (PC5 48000) Desktop Memory Model PVER532G60C42W",RAM,£371.99 –
"PNY NVIDIA RTX PRO 2000 Blackwell Graphic Card - 16 GB GDDR7 ECC - PCIe 5.0 x8 - Active - 2x Slot - 70 W - Bulk - VCNRTXPRO2000B-PB Graphics Card - OEM",GPU,£763.19 –
"Kingston FURY Impact 16GB (2 x 8GB) 260-Pin DDR4 SO-DIMM DDR4 3200 (PC4 25600) Laptop Memory Model KF432S20IBK2/16",RAM,£170.39 –
"ASUS TUF Gaming GeForce RTX 5060 8GB GDDR7 PCI Express 5.0 x8 ATX Graphics Card TUF-RTX5060-O8G-GAMING",GPU,£470.39 –
"Kingston FURY Beast 32GB (2 x 16GB) DDR5 6000 (PC5 48000) Memory (Desktop Memory) Model KF560C36BBE2K2-32",RAM,£620.39 –
